conn_type,source,target
inherits,MessageViewFragment,AttachmentViewCallback
inherits,EnhancedNegativeSmtpReplyException,NegativeSmtpReplyException
inherits,DeviceNotifications,BaseNotifications
inherits,WearNotifications,BaseNotifications
inherits,SmtpTransport,Transport
inherits,WebDavTransport,Transport
inherits,ProgressBodyFactory,DefaultBodyFactory
inherits,BinaryTempFileMessageBody,BinaryTempFileBody
inherits,DefaultTrustedSocketFactory,TrustedSocketFactory
inherits,TempFileBody,SizeAware
inherits,BinaryTempFileBody,SizeAware
inherits,DeferredFileBody,SizeAware
inherits,FileBackedBody,SizeAware
inherits,BinaryMemoryBody,SizeAware
inherits,TextBody,SizeAware
inherits,MessageWebView,RigidWebView
inherits,BitcoinUriParser,UriParser
inherits,HttpUriParser,UriParser
inherits,EthereumUriParser,UriParser
inherits,ImapFolderPusher,ImapFolder
inherits,MergeCursorWithUniqueId,MergeCursor
inherits,MessageHeader,Viewable
inherits,Pop3Store,RemoteStore
inherits,ImapStore,RemoteStore
inherits,WebDavStore,RemoteStore
inherits,SearchAccount,BaseAccount
inherits,Account,BaseAccount
inherits,FetchBodyCallback,ImapResponseCallback
inherits,FetchPartCallback,ImapResponseCallback
inherits,LocalBodyPart,MimeBodyPart
inherits,NegativeSmtpReplyException,MessagingException
inherits,UnavailableStorageException,MessagingException
inherits,NegativeImapResponseException,MessagingException
inherits,AuthenticationFailedException,MessagingException
inherits,CertificateValidationException,MessagingException
inherits,LocalMimeMessage,LocalPart
inherits,LocalBodyPart,LocalPart
inherits,ImapPusher,Pusher
inherits,ImapResponse,ImapList
inherits,MessagingControllerPushReceiver,PushReceiver
inherits,AccountSetupIncoming,K9Activity
inherits,WelcomeMessage,K9Activity
inherits,AccountSetupOptions,K9Activity
inherits,EditIdentity,K9Activity
inherits,UpgradeDatabases,K9Activity
inherits,AccountSetupNames,K9Activity
inherits,AccountSetupBasics,K9Activity
inherits,AccountSetupAccountType,K9Activity
inherits,AccountSetupCheckSettings,K9Activity
inherits,AccountSetupOutgoing,K9Activity
inherits,MessageList,K9Activity
inherits,AccountSetupComposition,K9Activity
inherits,MessageCompose,K9Activity
inherits,Message,Part
inherits,BodyPart,Part
inherits,PgpMessageBuilder,MessageBuilder
inherits,SimpleMessageBuilder,MessageBuilder
inherits,SimpleMessagingListener,MessagingListener
inherits,Account,StoreConfig
inherits,DefaultBodyFactory,BodyFactory
inherits,PgpInlineDialog,HighlightDialogFragment
inherits,PgpSignOnlyDialog,HighlightDialogFragment
inherits,PgpEncryptDescriptionDialog,HighlightDialogFragment
inherits,PgpEnabledErrorDialog,HighlightDialogFragment
inherits,LocalSearch,SearchSpecification
inherits,MailService,CoreService
inherits,PushService,CoreService
inherits,RemoteControlService,CoreService
inherits,PollService,CoreService
inherits,SleepService,CoreService
inherits,NotificationActionService,CoreService
inherits,TempFileBody,BinaryAttachmentBody
inherits,MimeMultipart,Multipart
inherits,WebDavStoreSettings,ServerSettings
inherits,ImapStoreSettings,ServerSettings
inherits,MimeMessage,Message
inherits,RemoteStore,Store
inherits,LocalStore,Store
inherits,BootReceiver,CoreReceiver
inherits,RemoteControlReceiver,CoreReceiver
inherits,FolderList,K9ListActivity
inherits,Accounts,K9ListActivity
inherits,ChooseFolder,K9ListActivity
inherits,EmailAddressList,K9ListActivity
inherits,ChooseIdentity,K9ListActivity
inherits,AccountList,K9ListActivity
inherits,WebDavMessage,MimeMessage
inherits,LocalMessage,MimeMessage
inherits,LocalMimeMessage,MimeMessage
inherits,ImapMessage,MimeMessage
inherits,ExtendedAsyncTask,NonConfigurationInstance
inherits,MimeBodyPart,BodyPart
inherits,Prefs,K9PreferenceActivity
inherits,UnreadWidgetConfiguration,K9PreferenceActivity
inherits,FontSizeSettings,K9PreferenceActivity
inherits,BinaryTempFileMessageBody,Body
inherits,FileBackedBody,Body
inherits,BinaryMemoryBody,Body
inherits,BinaryAttachmentBody,Body
inherits,Multipart,Body
inherits,Message,Body
inherits,TextBody,Body
inherits,RawDataBody,Body
inherits,Search,MessageList
inherits,MessageCryptoPresenter,OnCryptoClickListener
inherits,MemorizingMessagingListener,SimpleMessagingListener
inherits,ActivityListener,SimpleMessagingListener
inherits,ManageIdentities,ChooseIdentity
inherits,ChooseAccount,AccountList
inherits,LauncherShortcuts,AccountList
inherits,BinaryTempFileBody,RawDataBody
inherits,DeferredFileBody,RawDataBody
inherits,FileBackedBody,RawDataBody
inherits,BinaryMemoryBody,RawDataBody
inherits,LockedAttachmentView,ToolableViewAnimator
has,AttachmentViewCallback,AttachmentViewInfo
has,DeferredFileOutputStream,FileFactory
has,IdentityHeaderBuilder,MessageReference
has,IdentityHeaderBuilder,QuotedTextMode
has,IdentityHeaderBuilder,InsertableHtmlContent
has,IdentityHeaderBuilder,IdentityField
has,IdentityHeaderBuilder,SimpleMessageFormat
has,IdentityHeaderBuilder,Identity
has,IdentityHeaderBuilder,TextBody
has,SmtpTransport,NegativeSmtpReplyException
has,SmtpTransport,TrustedSocketFactory
has,SmtpTransport,ConnectionSecurity
has,SmtpTransport,PeekableInputStream
has,SmtpTransport,MessagingException
has,SmtpTransport,AuthType
has,SmtpTransport,EOLConvertingOutputStream
has,SmtpTransport,StoreConfig
has,SmtpTransport,ServerSettings
has,SmtpTransport,Message
has,SmtpTransport,OAuth2TokenProvider
has,SmtpTransport,Address
has,LockedAttachmentView,AttachmentViewCallback
has,LockedAttachmentView,AttachmentViewInfo
has,LockedAttachmentView,AttachmentView
has,MessageReference,Flag
has,MessageContainerView,AttachmentViewCallback
has,MessageContainerView,LockedAttachmentView
has,MessageContainerView,AttachmentResolver
has,MessageContainerView,AttachmentViewInfo
has,MessageContainerView,ClipboardManager
has,MessageContainerView,Contacts
has,MessageContainerView,MessageViewInfo
has,MessageContainerView,AttachmentView
has,MessageContainerView,MessageWebView
has,BaseNotifications,NotificationController
has,BaseNotifications,NotificationActionCreator
has,BaseNotifications,NotificationContent
has,BaseNotifications,Account
has,BaseNotifications,NotificationHolder
has,NotificationController,MessageReference
has,NotificationController,LocalMessage
has,NotificationController,Folder
has,NotificationController,CertificateErrorNotifications
has,NotificationController,SendFailedNotifications
has,NotificationController,SyncNotifications
has,NotificationController,NotificationActionCreator
has,NotificationController,NewMailNotifications
has,NotificationController,AuthenticationErrorNotifications
has,NotificationController,Account
has,AccountCreator,ConnectionSecurity
has,ImapResponseParser,ImapResponseCallback
has,ImapResponseParser,PeekableInputStream
has,ImapResponseParser,ImapList
has,ImapResponseParser,FixedLengthInputStream
has,ImapResponseParser,UntaggedHandler
has,ImapResponseParser,ImapResponse
has,MessageRemovalListener,Message
has,AccountSetupIncoming,ConnectionSecurity
has,AccountSetupIncoming,WebDavStoreSettings
has,AccountSetupIncoming,AuthTypeAdapter
has,AccountSetupIncoming,AuthType
has,AccountSetupIncoming,ConnectionSecurityAdapter
has,AccountSetupIncoming,ClientCertificateSpinner
has,AccountSetupIncoming,AuthTypeHolder
has,AccountSetupIncoming,ServerSettings
has,AccountSetupIncoming,Store
has,AccountSetupIncoming,Account
has,AccountSetupIncoming,ConnectionSecurityHolder
has,AccountSetupIncoming,ImapStoreSettings
has,AttachmentInfoExtractor,DeferredFileBody
has,AttachmentInfoExtractor,LocalMessage
has,AttachmentInfoExtractor,AttachmentViewInfo
has,AttachmentInfoExtractor,LocalPart
has,AttachmentInfoExtractor,Part
has,AttachmentInfoExtractor,Body
has,Transport,Message
has,Pop3Store,TrustedSocketFactory
has,Pop3Store,ConnectionSecurity
has,Pop3Store,Folder
has,Pop3Store,AuthType
has,Pop3Store,StoreConfig
has,Pop3Store,ServerSettings
has,ReplyToParser,Message
has,ReplyToParser,Address
has,ReplyToParser,Account
has,AutocryptOperations,AutocryptHeaderParser
has,AutocryptOperations,AutocryptHeader
has,AutocryptOperations,Message
has,DefaultBodyFactory,BinaryTempFileBody
has,EnhancedNegativeSmtpReplyException,StatusCodeSubject
has,EnhancedNegativeSmtpReplyException,StatusCodeDetail
has,EnhancedNegativeSmtpReplyException,StatusCodeClass
has,Base64OutputStream,Base64
has,MimeMultipart,BodyPart
has,LocalMessageLoader,MessageReference
has,LocalMessageLoader,LocalMessage
has,LocalMessageLoader,MessagingController
has,LocalMessageLoader,Account
has,ImapPusher,ImapStore
has,ImapPusher,PushReceiver
has,ImapPusher,ImapFolderPusher
has,MessageIdGenerator,Message
has,RigidWebView,Throttle
has,RigidWebView,Clock
has,StoreSchemaDefinition,LocalStore
has,MailService,Pusher
has,MailService,Storage
has,MailService,StorageEditor
has,MailService,Preferences
has,MailService,Account
has,AccountReceiver,K9AccountReceptor
has,AttachmentDownloadDialogFragment,MessagingController
has,AttachmentDownloadDialogFragment,MessagingListener
has,WebDavMessage,WebDavFolder
has,WebDavMessage,Flag
has,WebDavMessage,ParsedMessageEnvelope
has,WebDavMessage,Folder
has,MessagePreviewCreator,PreviewExtractionException
has,MessagePreviewCreator,EncryptionDetector
has,MessagePreviewCreator,Part
has,MessagePreviewCreator,TextPartFinder
has,MessagePreviewCreator,PreviewTextExtractor
has,MessagePreviewCreator,Message
has,ImapFolder,ImapSearcher
has,ImapFolder,MimeMultipart
has,ImapFolder,SearchResponse
has,ImapFolder,NegativeImapResponseException
has,ImapFolder,FolderNameCodec
has,ImapFolder,Flag
has,ImapFolder,ImapResponseCallback
has,ImapFolder,MimeBodyPart
has,ImapFolder,Folder
has,ImapFolder,ImapStore
has,ImapFolder,MessagingException
has,ImapFolder,ImapList
has,ImapFolder,ImapConnection
has,ImapFolder,PermanentFlagsResponse
has,ImapFolder,Part
has,ImapFolder,ImapMessage
has,ImapFolder,EOLConvertingOutputStream
has,ImapFolder,BodyFactory
has,ImapFolder,Message
has,ImapFolder,SelectOrExamineResponse
has,ImapFolder,FetchProfile
has,ImapFolder,ImapResponse
has,ImapFolder,Body
has,ImapFolder,ImapPushState
has,QuotedMessagePresenter,QuotedTextMode
has,QuotedMessagePresenter,MessageViewInfo
has,QuotedMessagePresenter,InsertableHtmlContent
has,QuotedMessagePresenter,Part
has,QuotedMessagePresenter,MessageBuilder
has,QuotedMessagePresenter,SimpleMessageFormat
has,QuotedMessagePresenter,QuotedMessageMvpView
has,QuotedMessagePresenter,Account
has,QuotedMessagePresenter,MessageCompose
has,ManageIdentities,Identity
has,BootReceiver,K9AlarmManager
has,GlobalSettings,Storage
has,MessageHeader,Part
has,MessageHeader,Message
has,WebDavFolder,WebDavMessage
has,WebDavFolder,Flag
has,WebDavFolder,WebDavHttpClient
has,WebDavFolder,ParsedMessageEnvelope
has,WebDavFolder,Folder
has,WebDavFolder,HttpGeneric
has,WebDavFolder,EOLConvertingOutputStream
has,WebDavFolder,Message
has,WebDavFolder,DataSet
has,WebDavFolder,FetchProfile
has,WebDavFolder,WebDavStore
has,RecipientPresenter,ReplyToParser
has,RecipientPresenter,MailTo
has,RecipientPresenter,ComposePgpInlineDecider
has,RecipientPresenter,ComposeCryptoStatus
has,RecipientPresenter,PgpMessageBuilder
has,RecipientPresenter,Contacts
has,RecipientPresenter,RecipientMvpView
has,RecipientPresenter,AutocryptStatusInteractor
has,RecipientPresenter,MessageBuilder
has,RecipientPresenter,Message
has,RecipientPresenter,ComposePgpEnableByDefaultDecider
has,RecipientPresenter,Account
has,RecipientPresenter,Identity
has,SearchResponse,ImapResponse
has,RemoveNotificationResult,NotificationHolder
has,WebDavTransport,StoreConfig
has,WebDavTransport,Message
has,WebDavTransport,WebDavStore
has,WebDavStoreUriDecoder,ConnectionSecurity
has,Migrations,MigrationsHelper
has,LocalFolder,AttachmentInfoExtractor
has,LocalFolder,LocalStore
has,LocalFolder,MessagingException
has,ComposePgpInlineDecider,Message
has,MessageViewHolder,MessageListFragment
has,MessageViewHolder,ContactBadge
has,Throttle,Clock
has,AccountSetupOptions,Store
has,AccountSetupOptions,Account
has,FolderList,FontSizes
has,FolderList,Account
has,AttachmentResolver,AttachmentInfoExtractor
has,AttachmentResolver,AttachmentViewInfo
has,AttachmentResolver,MessagingException
has,AttachmentResolver,Part
has,AttachmentResolver,Multipart
has,AttachmentResolver,Body
has,MessageListHandler,MessageReference
has,MessageListHandler,MessageListFragment
has,ResponseCodeExtractor,ImapList
has,ResponseCodeExtractor,ImapResponse
has,NegativeImapResponseException,ImapResponse
has,DeferredFileBody,FileFactory
has,LocalMessage,MessageReference
has,LocalMessage,LocalFolder
has,LocalMessage,LocalStore
has,LocalMessage,Flag
has,LocalMessage,Folder
has,LocalMessage,MessagingException
has,LocalMessage,DatabasePreviewType
has,LocalMessage,Address
has,SqlQueryBuilder,LocalFolder
has,SqlQueryBuilder,LocalStore
has,SqlQueryBuilder,MessagingException
has,SqlQueryBuilder,LocalSearch
has,SqlQueryBuilder,ConditionsTreeNode
has,SqlQueryBuilder,Account
has,RemoteStore,TrustedSocketFactory
has,RemoteStore,StoreConfig
has,RemoteStore,ServerSettings
has,RemoteStore,Store
has,RemoteStore,OAuth2TokenProvider
has,Authentication,MessagingException
has,IdentityAdapter,Preferences
has,IdentityAdapter,Account
has,IdentityAdapter,Identity
has,LocalStore,AttachmentInfoExtractor
has,LocalStore,MessagePreviewCreator
has,LocalStore,LocalFolder
has,LocalStore,PendingCommandSerializer
has,LocalStore,LocalMessage
has,LocalStore,AttachmentCounter
has,LocalStore,MessagingException
has,LocalStore,LocalPart
has,LocalStore,Part
has,LocalStore,StorageManager
has,LocalStore,MessageFulltextCreator
has,LocalStore,Multipart
has,LocalStore,LocalSearch
has,LocalStore,LockableDatabase
has,LocalStore,FetchProfile
has,LocalStore,BodyPart
has,LocalStore,Body
has,LocalStore,Account
has,WebDavStoreSettings,ConnectionSecurity
has,WebDavStoreSettings,AuthType
has,MessageTitleView,MessageHeader
has,AttachmentViewInfo,Part
has,MessageProvider,MessageReference
has,MessageProvider,MessagingController
has,MessageProvider,MessageHelper
has,MessageProvider,Account
has,AttachmentCounter,EncryptionDetector
has,AttachmentCounter,TextPartFinder
has,AttachmentCounter,Message
has,DeviceNotifications,MessageReference
has,DeviceNotifications,NotificationController
has,DeviceNotifications,NotificationSetting
has,DeviceNotifications,NotificationActionCreator
has,DeviceNotifications,LockScreenNotification
has,DeviceNotifications,NotificationContent
has,DeviceNotifications,NotificationData
has,DeviceNotifications,Account
has,DeviceNotifications,WearNotifications
has,DeviceNotifications,NotificationHolder
has,MessageViewFragment,MessageReference
has,MessageViewFragment,LocalMessage
has,MessageViewFragment,AttachmentViewInfo
has,MessageViewFragment,MessagingController
has,MessageViewFragment,MessageCryptoPresenter
has,MessageViewFragment,MessageLoaderHelper
has,MessageViewFragment,MessageViewInfo
has,MessageViewFragment,CryptoInfoDialog
has,MessageViewFragment,MessageTopView
has,MessageViewFragment,MessageCryptoDisplayStatus
has,MessageViewFragment,Account
has,OpenPgpApiHelper,Identity
has,IdentityHeaderParser,IdentityField
has,UidReverseComparator,Message
has,EditIdentity,Account
has,EditIdentity,Identity
has,MimePartStreamParser,DeferredFileBody
has,MimePartStreamParser,FileFactory
has,MimePartStreamParser,MimeBodyPart
has,LocalMimeMessage,LocalMessage
has,MessagingController,MessageReference
has,MessagingController,NotificationController
has,MessagingController,Transport
has,MessagingController,TracingPowerManager
has,MessagingController,UnavailableStorageException
has,MessagingController,LocalFolder
has,MessagingController,LocalMessage
has,MessagingController,LocalStore
has,MessagingController,Flag
has,MessagingController,Folder
has,MessagingController,MessagingException
has,MessagingController,Contacts
has,MessagingController,AuthenticationFailedException
has,MessagingController,Part
has,MessagingController,MemorizingMessagingListener
has,MessagingController,ActivityListener
has,MessagingController,SearchAccount
has,MessagingController,AccountStats
has,MessagingController,MessagingListener
has,MessagingController,UnavailableAccountException
has,MessagingController,BodyFactory
has,MessagingController,Message
has,MessagingController,LocalSearch
has,MessagingController,Store
has,MessagingController,Preferences
has,MessagingController,ConditionsTreeNode
has,MessagingController,ProgressBodyFactory
has,MessagingController,EmailProviderCache
has,MessagingController,FetchProfile
has,MessagingController,TransportProvider
has,MessagingController,Account
has,MessagingController,CertificateValidationException
has,ImapResponseCallback,FixedLengthInputStream
has,ImapResponseCallback,ImapResponse
has,Accounts,BaseAccount
has,Accounts,FontSizes
has,Accounts,SearchAccount
has,Accounts,NonConfigurationInstance
has,MessageCryptoAnnotations,Part
has,MessageCryptoAnnotations,CryptoResultAnnotation
has,RemoteControlService,Storage
has,RemoteControlService,StorageEditor
has,RemoteControlService,Preferences
has,RemoteControlService,Account
has,NotificationIds,Account
has,PgpMessageBuilder,AutocryptOperations
has,PgpMessageBuilder,BinaryTempFileBody
has,PgpMessageBuilder,MimeMultipart
has,PgpMessageBuilder,MessageIdGenerator
has,PgpMessageBuilder,ComposeCryptoStatus
has,PgpMessageBuilder,MimeBodyPart
has,PgpMessageBuilder,MessagingException
has,PgpMessageBuilder,BoundaryGenerator
has,PgpMessageBuilder,Address
has,PgpMessageBuilder,MimeMessage
has,PgpMessageBuilder,BodyPart
has,PgpMessageBuilder,Body
has,PgpMessageBuilder,AutocryptOpenPgpApiInteractor
has,MessageCryptoPresenter,MessageViewInfo
has,MessageCryptoPresenter,MessageTopView
has,MessageCryptoPresenter,CryptoResultAnnotation
has,MessageCryptoPresenter,MessageCryptoDisplayStatus
has,MessageCryptoPresenter,Account
has,MimeBodyPart,Multipart
has,MimeBodyPart,MimeHeader
has,MimeBodyPart,Body
has,EncryptionDetector,Part
has,EncryptionDetector,TextPartFinder
has,EncryptionDetector,Multipart
has,EncryptionDetector,Message
has,EncryptionDetector,BodyPart
has,EncryptionDetector,Body
has,MessageActions,MessageReference
has,MessageActions,Account
has,AttachmentController,LocalMessage
has,AttachmentController,AttachmentViewInfo
has,AttachmentController,MessageViewFragment
has,AttachmentController,MessagingController
has,AttachmentController,LocalPart
has,AttachmentController,Part
has,AttachmentController,Message
has,AttachmentController,Account
has,MessageLoaderHelper,MessageReference
has,MessageLoaderHelper,LocalMessageLoader
has,MessageLoaderHelper,LocalMessage
has,MessageLoaderHelper,MessageCryptoAnnotations
has,MessageLoaderHelper,MessageCryptoCallback
has,MessageLoaderHelper,MessageViewInfo
has,MessageLoaderHelper,MessageCryptoHelper
has,MessageLoaderHelper,MessagingListener
has,MessageLoaderHelper,LocalMessageExtractorLoader
has,MessageLoaderHelper,Account
has,Utility,ContactBadge
has,Utility,Address
has,UpgradeDatabases,Preferences
has,AttachmentInfoLoader,Attachment
has,MessageHelper,MessagingException
has,MessageHelper,Part
has,MessageHelper,Multipart
has,MessageHelper,BodyPart
has,MessageHelper,Body
has,IdentitySettings,Storage
has,MessageCryptoCallback,MessageCryptoAnnotations
has,HtmlSanitizer,HeadCleaner
has,NotificationGroupKeys,Account
has,PollService,MessagingController
has,ListHeaders,Message
has,ListHeaders,Address
has,ImapStore,TrustedSocketFactory
has,ImapStore,ConnectionSecurity
has,ImapStore,ImapFolder
has,ImapStore,FolderNameCodec
has,ImapStore,PushReceiver
has,ImapStore,ImapConnection
has,ImapStore,AuthType
has,ImapStore,ListResponse
has,ImapStore,StoreConfig
has,ImapStore,ServerSettings
has,ImapStore,OAuth2TokenProvider
has,ImapStore,ImapStoreSettings
has,UnreadWidgetProperties,BaseAccount
has,UnreadWidgetProperties,MessagingController
has,UnreadWidgetProperties,SearchAccount
has,UnreadWidgetProperties,AccountStats
has,UnreadWidgetProperties,LocalSearch
has,UnreadWidgetProperties,Account
has,AttachmentContentLoader,Attachment
has,ContactPictureLoader,Contacts
has,ContactPictureLoader,Address
has,Prefs,CheckBoxListPreference
has,Prefs,Storage
has,Prefs,StorageEditor
has,AlertResponse,ImapList
has,AlertResponse,ImapResponse
has,JisSupport,Part
has,JisSupport,Message
has,LocalBodyPart,LocalMessage
has,TextBodyBuilder,InsertableHtmlContent
has,TextBodyBuilder,TextBody
has,Contacts,Address
has,MessageViewInfo,AttachmentResolver
has,MessageViewInfo,Part
has,MessageViewInfo,Message
has,MessageViewInfo,CryptoResultAnnotation
has,AutocryptHeaderParser,AutocryptHeader
has,AutocryptHeaderParser,Message
has,CertificateErrorNotifications,NotificationController
has,CertificateErrorNotifications,Account
has,SimpleMessageBuilder,MessageIdGenerator
has,SimpleMessageBuilder,MessagingException
has,SimpleMessageBuilder,BoundaryGenerator
has,SimpleMessageBuilder,MimeMessage
has,AuthTypeAdapter,AuthType
has,PushReceiver,Folder
has,TrustManagerFactory,LocalKeyStore
has,MessagingControllerPushReceiver,LocalFolder
has,MessagingControllerPushReceiver,LocalStore
has,MessagingControllerPushReceiver,MessagingController
has,MessagingControllerPushReceiver,Folder
has,MessagingControllerPushReceiver,MessagingListener
has,MessagingControllerPushReceiver,Account
has,ImapConnection,ImapResponseParser
has,ImapConnection,TrustedSocketFactory
has,ImapConnection,NetworkType
has,ImapConnection,NegativeImapResponseException
has,ImapConnection,ImapResponseCallback
has,ImapConnection,PeekableInputStream
has,ImapConnection,AuthenticationFailedException
has,ImapConnection,UntaggedHandler
has,ImapConnection,OAuth2TokenProvider
has,ImapConnection,ImapResponse
has,ImapConnection,NamespaceResponse
has,ImapConnection,CapabilityResponse
has,ImapConnection,ImapSettings
has,RecipientMvpView,PgpInlineDialog
has,RecipientMvpView,RecipientPresenter
has,RecipientMvpView,FontSizes
has,RecipientMvpView,PgpSignOnlyDialog
has,RecipientMvpView,RecipientSelectView
has,RecipientMvpView,PgpEncryptDescriptionDialog
has,RecipientMvpView,PgpEnabledErrorDialog
has,RecipientMvpView,MessageCompose
has,RecipientMvpView,ToolableViewAnimator
has,PermanentFlagsResponse,ImapList
has,PermanentFlagsResponse,ImapResponse
has,FontSizes,Storage
has,FontSizes,StorageEditor
has,K9Activity,K9ActivityCommon
has,AccountSetupNames,Account
has,FetchBodyCallback,ImapList
has,FetchBodyCallback,FixedLengthInputStream
has,FetchBodyCallback,ImapMessage
has,FetchBodyCallback,ImapResponse
has,UntaggedHandler,ImapResponse
has,CharsetSupport,Part
has,CharsetSupport,Message
has,Part,Body
has,QuoteHelper,Message
has,MessageReferenceHelper,MessageReference
has,SendFailedNotifications,NotificationController
has,SendFailedNotifications,NotificationActionCreator
has,SendFailedNotifications,Account
has,SyncNotifications,NotificationController
has,SyncNotifications,Folder
has,SyncNotifications,NotificationActionCreator
has,SyncNotifications,Account
has,UnreadWidgetProvider,UnreadWidgetProperties
has,MemorizingMessagingListener,MessagingListener
has,MemorizingMessagingListener,Account
has,MessageCryptoHelper,AutocryptOperations
has,MessageCryptoHelper,FileFactory
has,MessageCryptoHelper,MessageCryptoAnnotations
has,MessageCryptoHelper,MimeBodyPart
has,MessageCryptoHelper,MessageCryptoCallback
has,MessageCryptoHelper,MessagingException
has,MessageCryptoHelper,Part
has,MessageCryptoHelper,Multipart
has,MessageCryptoHelper,Message
has,MessageCryptoHelper,BodyPart
has,MessageCryptoHelper,OpenPgpApiFactory
has,MessageCryptoHelper,Body
has,MessageCryptoHelper,CryptoResultAnnotation
has,MessageCryptoHelper,TextBody
has,ActivityListener,AccountStats
has,ActivityListener,Account
has,ImapStoreUriCreator,AuthType
has,ImapStoreUriCreator,ServerSettings
has,MessageBuilder,MessageReference
has,MessageBuilder,MimeMultipart
has,MessageBuilder,MessageIdGenerator
has,MessageBuilder,QuotedTextMode
has,MessageBuilder,Attachment
has,MessageBuilder,MimeBodyPart
has,MessageBuilder,MessagingException
has,MessageBuilder,TextBodyBuilder
has,MessageBuilder,InsertableHtmlContent
has,MessageBuilder,BoundaryGenerator
has,MessageBuilder,Address
has,MessageBuilder,MimeMessage
has,MessageBuilder,SimpleMessageFormat
has,MessageBuilder,Body
has,MessageBuilder,Identity
has,MessageBuilder,TextBody
has,SearchAccount,LocalSearch
has,CryptoInfoDialog,MessageCryptoDisplayStatus
has,DeviceIdleManager,DozeChecker
has,StatusCodeDetail,StatusCodeSubject
has,MessageTopView,AttachmentViewCallback
has,MessageTopView,MessageContainerView
has,MessageTopView,MessageHeader
has,MessageTopView,MessageCryptoPresenter
has,MessageTopView,Contacts
has,MessageTopView,MessageViewInfo
has,MessageTopView,Message
has,MessageTopView,Account
has,MessageTopView,ToolableViewAnimator
has,ConnectionSecurityAdapter,ConnectionSecurity
has,ChooseAccount,BaseAccount
has,AccountSetupBasics,EmailAddressValidator
has,AccountSetupBasics,AuthType
has,AccountSetupBasics,ClientCertificateSpinner
has,AccountSetupBasics,ServerSettings
has,AccountSetupBasics,Account
has,ListResponse,ImapList
has,ListResponse,ImapResponse
has,ImapMessage,Flag
has,ImapMessage,Folder
has,ChooseFolder,MessageReference
has,ChooseFolder,Account
has,MessagingListener,BaseAccount
has,MessagingListener,Part
has,MessagingListener,AccountStats
has,MessagingListener,Message
has,MessagingListener,Account
has,TextPartFinder,Part
has,TextPartFinder,Multipart
has,TextPartFinder,BodyPart
has,TextPartFinder,Body
has,K9AlarmManager,DozeChecker
has,AttachmentView,AttachmentViewCallback
has,AttachmentView,AttachmentViewInfo
has,MessageCryptoStructureDetector,MimeMultipart
has,MessageCryptoStructureDetector,MessageCryptoAnnotations
has,MessageCryptoStructureDetector,MimeBodyPart
has,MessageCryptoStructureDetector,Part
has,MessageCryptoStructureDetector,Multipart
has,MessageCryptoStructureDetector,BodyPart
has,MessageCryptoStructureDetector,Body
has,MessageCryptoStructureDetector,CryptoResultAnnotation
has,DatabaseUpgradeService,TracingPowerManager
has,DatabaseUpgradeService,UnavailableStorageException
has,DatabaseUpgradeService,Preferences
has,DatabaseUpgradeService,Account
has,IdentityHelper,Message
has,IdentityHelper,Address
has,IdentityHelper,Account
has,IdentityHelper,Identity
has,StoreConfig,NetworkType
has,UriLinkifier,UriParser
has,MessageCryptoStatusView,MessageCryptoDisplayStatus
has,ImapStoreUriDecoder,ConnectionSecurity
has,ImapStoreUriDecoder,AuthType
has,MessageListFragment,MessageReference
has,MessageListFragment,LocalFolder
has,MessageListFragment,MessageListHandler
has,MessageListFragment,MessagingController
has,MessageListFragment,MessageHelper
has,MessageListFragment,MessagingException
has,MessageListFragment,ContactPictureLoader
has,MessageListFragment,ActivityListener
has,MessageListFragment,StorageEditor
has,MessageListFragment,LocalSearch
has,MessageListFragment,Preferences
has,MessageListFragment,MessageListAdapter
has,MessageListFragment,FolderInfoHolder
has,MessageListFragment,Account
has,LocalMessageExtractorLoader,LocalMessage
has,LocalMessageExtractorLoader,MessageCryptoAnnotations
has,LocalMessageExtractorLoader,MessageViewInfo
has,LocalMessageExtractorLoader,MessageViewInfoExtractor
has,LocalMessageExtractorLoader,Message
has,TextQuoteCreator,Message
has,EmailAddressList,ContactItem
has,AccountSetupAccountType,ServerNameSuggester
has,AccountSetupAccountType,Account
has,MessageExtractor,Viewable
has,MessageExtractor,MessagingException
has,MessageExtractor,Part
has,MessageExtractor,Multipart
has,MessageExtractor,Message
has,MessageExtractor,BodyPart
has,MessageExtractor,Body
has,CoreService,TracingPowerManager
has,MessageFulltextCreator,EncryptionDetector
has,MessageFulltextCreator,Part
has,MessageFulltextCreator,TextPartFinder
has,MessageFulltextCreator,Message
has,UnreadWidgetConfiguration,UnreadWidgetProperties
has,UnreadWidgetConfiguration,Account
has,LauncherShortcuts,BaseAccount
has,LauncherShortcuts,SearchAccount
has,HtmlSignatureRemover,AdvancedNodeTraversor
has,AuthTypeHolder,AuthType
has,Multipart,Part
has,Multipart,BodyPart
has,Multipart,Body
has,StorageEditor,Storage
has,PreviewTextExtractor,Part
has,K9RemoteControl,AccountReceiver
has,K9RemoteControl,K9AccountReceptor
has,NotificationActionService,MessageReference
has,NotificationActionService,MessagingController
has,NotificationActionService,Preferences
has,NotificationActionService,Account
has,NotificationDeleteConfirmation,MessageReference
has,NotificationDeleteConfirmation,MessagingController
has,NotificationDeleteConfirmation,Preferences
has,NotificationDeleteConfirmation,Account
has,HtmlQuoteCreator,InsertableHtmlContent
has,HtmlQuoteCreator,Message
has,MessageViewInfoExtractor,AttachmentInfoExtractor
has,MessageViewInfoExtractor,MessageHeader
has,MessageViewInfoExtractor,Viewable
has,MessageViewInfoExtractor,AttachmentResolver
has,MessageViewInfoExtractor,MessageCryptoAnnotations
has,MessageViewInfoExtractor,MessageViewInfo
has,MessageViewInfoExtractor,Part
has,MessageViewInfoExtractor,Message
has,MessageViewInfoExtractor,CryptoResultAnnotation
has,MessageViewInfoExtractor,HtmlProcessor
has,LocalSearch,ConditionsTreeNode
has,NotificationActionCreator,MessageReference
has,NotificationActionCreator,LocalSearch
has,NotificationActionCreator,Account
has,ComposePgpEnableByDefaultDecider,Message
has,RemoteControlReceiver,Preferences
has,RemoteControlReceiver,Account
has,MessageInfoHolder,LocalMessage
has,MessageInfoHolder,FolderInfoHolder
has,Store,PushReceiver
has,SelectOrExamineResponse,ImapList
has,SelectOrExamineResponse,ImapResponse
has,AccountSetupOutgoing,ConnectionSecurity
has,AccountSetupOutgoing,AuthTypeAdapter
has,AccountSetupOutgoing,AuthType
has,AccountSetupOutgoing,ClientCertificateSpinner
has,AccountSetupOutgoing,AuthTypeHolder
has,AccountSetupOutgoing,ServerSettings
has,AccountSetupOutgoing,Account
has,AccountSetupOutgoing,ConnectionSecurityHolder
has,SaveMessageTask,MessagingController
has,SaveMessageTask,Contacts
has,SaveMessageTask,Message
has,SaveMessageTask,Account
has,FolderSettings,Storage
has,NewMailNotifications,MessageReference
has,NewMailNotifications,NotificationController
has,NewMailNotifications,RemoveNotificationResult
has,NewMailNotifications,LocalMessage
has,NewMailNotifications,DeviceNotifications
has,NewMailNotifications,NotificationActionCreator
has,NewMailNotifications,NotificationContentCreator
has,NewMailNotifications,AddNotificationResult
has,NewMailNotifications,NotificationContent
has,NewMailNotifications,NotificationData
has,NewMailNotifications,Account
has,NewMailNotifications,WearNotifications
has,NewMailNotifications,NotificationHolder
has,MlfUtils,MessageReference
has,MlfUtils,LocalFolder
has,MlfUtils,LocalStore
has,MlfUtils,MessagingException
has,MlfUtils,Preferences
has,MlfUtils,Account
has,MimeMessageHelper,Part
has,MimeMessageHelper,Multipart
has,MimeMessageHelper,Body
has,CoreReceiver,TracingPowerManager
has,AttachmentPresenter,RecipientPresenter
has,AttachmentPresenter,AttachmentViewInfo
has,AttachmentPresenter,ComposeCryptoStatus
has,AttachmentPresenter,Attachment
has,AttachmentPresenter,MessageViewInfo
has,Preferences,Storage
has,Preferences,StorageEditor
has,Preferences,Account
has,K9ListActivity,K9ActivityCommon
has,FetchPartCallback,FixedLengthInputStream
has,FetchPartCallback,Part
has,FetchPartCallback,BodyFactory
has,FetchPartCallback,ImapResponse
has,RecipientSelectView,AlternateRecipientAdapter
has,RecipientSelectView,RecipientAdapter
has,ProgressBodyFactory,CountingOutputStream
has,DataSet,ParsedMessageEnvelope
has,MimeMessage,MimeHeader
has,MimeMessage,Address
has,MimeMessage,Body
has,FontSizeSettings,SliderPreference
has,FontSizeSettings,FontSizes
has,FontSizeSettings,Storage
has,FontSizeSettings,StorageEditor
has,WebDavHandler,DataSet
has,MessageListAdapter,MessageViewHolder
has,MessageListAdapter,FontSizes
has,MessageListAdapter,DatabasePreviewType
has,MessageListAdapter,MessageListFragment
has,MessageListAdapter,ContactBadge
has,MessageListAdapter,Address
has,MessageListAdapter,Account
has,NotificationContentCreator,MessageReference
has,NotificationContentCreator,LocalMessage
has,NotificationContentCreator,Contacts
has,NotificationContentCreator,Message
has,NotificationContentCreator,Account
has,EmailProviderCache,LocalMessage
has,EmailProviderCache,Message
has,LockScreenNotification,NotificationController
has,LockScreenNotification,NotificationContent
has,LockScreenNotification,NotificationData
has,LockScreenNotification,Account
has,LockScreenNotification,NotificationHolder
has,MessageHeaderParser,Part
has,BodyPart,Multipart
has,ImapResponse,ImapResponseCallback
has,AddNotificationResult,NotificationHolder
has,NotificationContent,MessageReference
has,NamespaceResponse,ImapList
has,NamespaceResponse,ImapResponse
has,DecoderUtil,MessagingException
has,DecoderUtil,Message
has,FolderInfoHolder,LocalFolder
has,FolderInfoHolder,Folder
has,FolderInfoHolder,Account
has,AccountSettings,Storage
has,SettingsExporter,Storage
has,SettingsExporter,ServerSettings
has,SettingsExporter,Preferences
has,SettingsExporter,Account
has,WebDavStore,ConnectionSecurity
has,WebDavStore,WebDavFolder
has,WebDavStore,WebDavStoreSettings
has,WebDavStore,WebDavHttpClient
has,WebDavStore,Folder
has,WebDavStore,HttpGeneric
has,WebDavStore,StoreConfig
has,WebDavStore,ConnectionInfo
has,WebDavStore,ServerSettings
has,WebDavStore,DataSet
has,WebDavStore,WebDavHandler
has,AuthenticationErrorNotifications,NotificationController
has,AuthenticationErrorNotifications,Account
has,MimeUtility,Part
has,MimeUtility,Multipart
has,MimeUtility,Message
has,MimeUtility,BodyPart
has,MimeUtility,Body
has,MimeUtility,RawDataBody
has,CryptoResultAnnotation,MimeBodyPart
has,BodyTextExtractor,Part
has,BodyTextExtractor,SimpleMessageFormat
has,QuotedMessageMvpView,QuotedMessagePresenter
has,QuotedMessageMvpView,AttachmentResolver
has,QuotedMessageMvpView,QuotedTextMode
has,QuotedMessageMvpView,EolConvertingEditText
has,QuotedMessageMvpView,FontSizes
has,QuotedMessageMvpView,SimpleMessageFormat
has,QuotedMessageMvpView,MessageWebView
has,QuotedMessageMvpView,MessageCompose
has,K9WebViewClient,AttachmentResolver
has,MessageWebView,AttachmentResolver
has,MessageWebView,K9WebViewClient
has,MessageList,MessageReference
has,MessageList,SearchSpecification
has,CapabilityResponse,ImapList
has,CapabilityResponse,ImapResponse
has,TransportProvider,StoreConfig
has,TransportProvider,OAuth2TokenProvider
has,NotificationData,MessageReference
has,NotificationData,NotificationContent
has,NotificationData,Account
has,NotificationData,NotificationHolder
has,MessageCryptoDisplayStatus,CryptoResultAnnotation
has,RecipientLoader,Address
has,HtmlProcessor,HtmlSanitizer
has,MigrationTo41,MigrationsHelper
has,MigrationTo41,Storage
has,MigrationTo41,Account
has,MigrationTo42,LocalFolder
has,MigrationTo42,LocalStore
has,MigrationTo42,Folder
has,MigrationTo42,MigrationsHelper
has,MigrationTo42,Storage
has,MigrationTo42,StorageEditor
has,MigrationTo46,Flag
has,MigrationTo46,MigrationsHelper
has,MigrationTo43,LocalFolder
has,MigrationTo43,LocalStore
has,MigrationTo43,MigrationsHelper
has,MigrationTo43,Account
has,SimpleMessagingListener,BaseAccount
has,SimpleMessagingListener,Part
has,SimpleMessagingListener,AccountStats
has,SimpleMessagingListener,Message
has,SimpleMessagingListener,Account
has,ChooseIdentity,Account
has,ChooseIdentity,Identity
has,MigrationTo50,MigrationsHelper
has,MigrationTo50,Account
has,MigrationTo51,Flag
has,MigrationTo51,MigrationsHelper
has,MigrationTo51,MimeHeader
has,MigrationTo51,Account
has,WearNotifications,MessageReference
has,WearNotifications,NotificationController
has,WearNotifications,MessagingController
has,WearNotifications,NotificationActionCreator
has,WearNotifications,NotificationContent
has,WearNotifications,NotificationData
has,WearNotifications,Account
has,WearNotifications,NotificationHolder
has,MigrationTo55,LocalFolder
has,MigrationTo55,LocalMessage
has,MigrationTo55,LocalStore
has,MigrationTo55,MessagingException
has,MigrationTo55,MigrationsHelper
has,MigrationTo55,MessageFulltextCreator
has,MigrationTo55,FetchProfile
has,NotificationHolder,NotificationContent
has,ImapFolderPusher,TracingPowerManager
has,ImapFolderPusher,ImapStore
has,ImapFolderPusher,PushReceiver
has,ImapFolderPusher,ImapConnection
has,ImapFolderPusher,ImapResponse
has,MigrationTo60,PendingCommandSerializer
has,MigrationTo60,Flag
has,TransportUris,ConnectionSecurity
has,TransportUris,AuthType
has,TransportUris,ServerSettings
has,AccountList,BaseAccount
has,AccountList,FontSizes
has,ConnectionSecurityHolder,ConnectionSecurity
has,TextBody,SignSafeOutputStream
has,TextBody,CountingOutputStream
has,EmailProviderCacheCursor,EmailProviderCache
has,AccountSetupComposition,Account
has,ImapStoreSettings,ConnectionSecurity
has,ImapStoreSettings,AuthType
has,ImapSettings,NetworkType
has,MessageCompose,MessageReference
has,MessageCompose,AttachmentDownloadDialogFragment
has,MessageCompose,QuotedMessagePresenter
has,MessageCompose,MailTo
has,MessageCompose,RecipientPresenter
has,MessageCompose,ComposePgpInlineDecider
has,MessageCompose,IdentityAdapter
has,MessageCompose,ComposeCryptoStatus
has,MessageCompose,PgpMessageBuilder
has,MessageCompose,MessageLoaderHelper
has,MessageCompose,MessagingException
has,MessageCompose,ProgressDialogFragment
has,MessageCompose,Contacts
has,MessageCompose,MessageViewInfo
has,MessageCompose,EolConvertingEditText
has,MessageCompose,RecipientMvpView
has,MessageCompose,MessageBuilder
has,MessageCompose,Message
has,MessageCompose,LocalSearch
has,MessageCompose,ComposePgpEnableByDefaultDecider
has,MessageCompose,AttachmentPresenter
has,MessageCompose,Preferences
has,MessageCompose,SimpleMessageFormat
has,MessageCompose,QuotedMessageMvpView
has,MessageCompose,Account
has,MessageCompose,Identity
has,WebDavStoreUriCreator,ServerSettings
uses,SmtpTransport,MessagingException
uses,MessageReference,Flag
uses,MessageContainerView,AttachmentViewInfo
uses,MessageContainerView,AttachmentView
uses,ImapResponseParser,ImapList
uses,ImapResponseParser,ImapResponse
uses,AccountSetupIncoming,ConnectionSecurity
uses,AccountSetupIncoming,AuthType
uses,AttachmentInfoExtractor,AttachmentViewInfo
uses,Pop3Store,Folder
uses,Pop3Store,ServerSettings
uses,DefaultBodyFactory,Body
uses,LocalMessageLoader,LocalMessage
uses,ImapPusher,ImapFolderPusher
uses,MessagePreviewCreator,PreviewResult
uses,ImapFolder,ImapStore
uses,ImapFolder,MessagingException
uses,ImapFolder,ImapMessage
uses,MessageHeader,Part
uses,MessageHeader,Message
uses,WebDavFolder,WebDavMessage
uses,WebDavFolder,WebDavStore
uses,RecipientPresenter,ComposeCryptoStatus
uses,RemoveNotificationResult,NotificationHolder
uses,WebDavStoreUriDecoder,WebDavStoreSettings
uses,LocalFolder,LocalMessage
uses,LocalFolder,ThreadInfo
uses,LocalFolder,Account
uses,NegativeImapResponseException,ImapResponse
uses,LocalMessage,MessageReference
uses,LocalMessage,LocalFolder
uses,LocalMessage,Account
uses,RemoteStore,ServerSettings
uses,RemoteStore,Store
uses,LocalStore,AttachmentInfoExtractor
uses,LocalStore,MessagePreviewCreator
uses,LocalStore,LocalFolder
uses,LocalStore,LocalMessage
uses,LocalStore,AttachmentCounter
uses,LocalStore,Part
uses,LocalStore,Storage
uses,LocalStore,MessageFulltextCreator
uses,LocalStore,LockableDatabase
uses,LocalStore,Account
uses,WebDavStoreSettings,ServerSettings
uses,DecryptedFileProvider,FileFactory
uses,MessageViewFragment,MessageReference
uses,MessageViewFragment,AttachmentController
uses,MimePartStreamParser,MimeBodyPart
uses,MimePartStreamParser,Body
uses,LocalMimeMessage,LocalMessage
uses,MessagingController,LocalMessage
uses,MessagingController,AccountStats
uses,MessagingController,MessagingListener
uses,MessagingController,Message
uses,Accounts,LocalSearch
uses,MessageCryptoAnnotations,Part
uses,MessageCryptoAnnotations,CryptoResultAnnotation
uses,MimeBodyPart,Body
uses,MessageLoaderHelper,MessageViewInfo
uses,AttachmentInfoLoader,Attachment
uses,MessageHelper,MimeBodyPart
uses,ListHeaders,Address
uses,ImapStore,ImapFolder
uses,ImapStore,FolderNameCodec
uses,ImapStore,Pusher
uses,ImapStore,ImapConnection
uses,ImapStore,StoreConfig
uses,ImapStore,ImapStoreSettings
uses,UnreadWidgetProperties,BaseAccount
uses,AttachmentContentLoader,Attachment
uses,LocalPart,LocalMessage
uses,LocalBodyPart,LocalMessage
uses,TextBodyBuilder,InsertableHtmlContent
uses,TextBodyBuilder,TextBody
uses,AutocryptHeaderParser,AutocryptHeader
uses,ImapConnection,MessagingException
uses,ImapConnection,AuthenticationFailedException
uses,ImapConnection,ImapResponse
uses,ImapUtility,ImapResponse
uses,Part,Body
uses,MigrationsHelper,LocalStore
uses,MigrationsHelper,Storage
uses,MigrationsHelper,Account
uses,MessageCryptoHelper,MimeBodyPart
uses,MessageBuilder,MimeMultipart
uses,MessageBuilder,MimeMessage
uses,MessageBuilder,TextBody
uses,SearchAccount,LocalSearch
uses,Storage,StorageEditor
uses,MessageTopView,MessageHeader
uses,K9,FontSizes
uses,TextPartFinder,Part
uses,AttachmentView,AttachmentViewInfo
uses,MessageCryptoStructureDetector,Part
uses,IdentityHelper,Identity
uses,BodyFactory,Body
uses,ImapStoreUriDecoder,ImapStoreSettings
uses,MessageListFragment,MessageReference
uses,MessageListFragment,FolderInfoHolder
uses,MessageListFragment,Account
uses,LocalMessageExtractorLoader,MessageViewInfo
uses,MessageExtractor,Message
uses,SearchSpecification,ConditionsTreeNode
uses,UnreadWidgetConfiguration,UnreadWidgetProperties
uses,Multipart,Part
uses,Multipart,BodyPart
uses,EmailProvider,LockableDatabase
uses,EmailProvider,Account
uses,NotificationDeleteConfirmation,Account
uses,HtmlQuoteCreator,InsertableHtmlContent
uses,MessageViewInfoExtractor,MessageViewInfo
uses,Message,Folder
uses,Message,Body
uses,LocalSearch,ConditionsTreeNode
uses,Store,Pusher
uses,AccountSetupOutgoing,ConnectionSecurity
uses,AccountSetupOutgoing,AuthType
uses,NewMailNotifications,NotificationData
uses,LockableDatabase,StorageManager
uses,MlfUtils,LocalFolder
uses,Preferences,Storage
uses,Preferences,Account
uses,MimeMessage,MimeBodyPart
uses,MimeMessage,Body
uses,WebDavHandler,DataSet
uses,MessageListAdapter,Address
uses,NotificationContentCreator,NotificationContent
uses,BodyPart,Multipart
uses,ImapResponse,ImapResponseCallback
uses,AddNotificationResult,NotificationHolder
uses,WebDavStore,WebDavFolder
uses,WebDavStore,WebDavStoreSettings
uses,WebDavStore,WebDavHttpClient
uses,WebDavStore,Folder
uses,WebDavStore,StoreConfig
uses,WebDavStore,ConnectionInfo
uses,WebDavStore,DataSet
uses,ContactPicture,ContactPictureLoader
uses,MimeUtility,Part
uses,CryptoResultAnnotation,MimeBodyPart
uses,TransportProvider,Transport
uses,NotificationData,RemoveNotificationResult
uses,NotificationData,AddNotificationResult
uses,NotificationData,Account
uses,NotificationData,NotificationHolder
uses,Account,ColorChip
uses,Account,LocalStore
uses,Account,AccountStats
uses,Account,NotificationSetting
uses,Account,Store
uses,Account,Identity
uses,MigrationTo51,MimeHeader
uses,WearNotifications,MessagingController
uses,TransportUris,ServerSettings
uses,ImapStoreSettings,ServerSettings
uses,ImapSettings,ConnectionSecurity
uses,ImapSettings,AuthType
uses,MessageCompose,MessageBuilder
creates,SmtpTransport,LineWrapOutputStream
creates,SmtpTransport,PeekableInputStream
creates,SmtpTransport,MessagingException
creates,SmtpTransport,EOLConvertingOutputStream
creates,SmtpTransport,SmtpDataStuffing
creates,SmtpTransport,CertificateValidationException
creates,MessageContainerView,DownloadImageTask
creates,MessageContainerView,Address
creates,NotificationController,CertificateErrorNotifications
creates,NotificationController,SendFailedNotifications
creates,NotificationController,SyncNotifications
creates,NotificationController,NotificationActionCreator
creates,NotificationController,AuthenticationErrorNotifications
creates,ImapResponseParser,NegativeImapResponseException
creates,ImapResponseParser,ImapList
creates,ImapResponseParser,FixedLengthInputStream
creates,ImapResponseParser,ImapResponseParserException
creates,AccountSetupIncoming,ServerSettings
creates,AttachmentInfoExtractor,AttachmentViewInfo
creates,Pop3Store,MessagingException
creates,Pop3Store,ServerSettings
creates,AutocryptOperations,AutocryptHeader
creates,DefaultBodyFactory,BinaryTempFileBody
creates,DefaultBodyFactory,BinaryTempFileMessageBody
creates,BinaryTempFileBody,Base64OutputStream
creates,BinaryTempFileBody,MessagingException
creates,Base64OutputStream,Base64
creates,ImapPusher,ImapFolderPusher
creates,RigidWebView,Throttle
creates,AttachmentDownloadDialogFragment,SimpleMessagingListener
creates,MessagePreviewCreator,EncryptionDetector
creates,MessagePreviewCreator,TextPartFinder
creates,MessagePreviewCreator,PreviewTextExtractor
creates,ImapFolder,ImapSearcher
creates,ImapFolder,MimeBodyPart
creates,ImapFolder,MessagingException
creates,ImapFolder,FetchBodyCallback
creates,ImapFolder,ImapMessage
creates,ImapFolder,EOLConvertingOutputStream
creates,ImapFolder,FetchPartCallback
creates,ImapFolder,ImapPushState
creates,QuotedMessagePresenter,InsertableHtmlContent
creates,WebDavFolder,WebDavMessage
creates,WebDavFolder,MessagingException
creates,WebDavFolder,EOLConvertingOutputStream
creates,RecipientPresenter,RecipientLoader
creates,WebDavTransport,WebDavStore
creates,WebDavStoreUriDecoder,WebDavStoreSettings
creates,LocalFolder,MessagingException
creates,BinaryTempFileMessageBody,MessagingException
creates,AccountSetupOptions,SpinnerOption
creates,DeferredFileBody,DeferredFileOutputStream
creates,DeferredFileBody,MessagingException
creates,LocalMessage,MessageReference
creates,LocalMessage,LocalFolder
creates,SqlQueryBuilder,LocalSearch
creates,RemoteStore,Pop3Store
creates,RemoteStore,ImapStore
creates,RemoteStore,MessagingException
creates,RemoteStore,DefaultTrustedSocketFactory
creates,RemoteStore,WebDavStore
creates,Authentication,MessagingException
creates,LocalStore,StoreSchemaDefinition
creates,LocalStore,LocalFolder
creates,LocalStore,LocalMessage
creates,LocalStore,MessagingException
creates,LocalStore,LocalSearch
creates,LocalStore,LockableDatabase
creates,LocalStore,FetchProfile
creates,DecryptedFileProvider,FileFactory
creates,MessageProvider,MessageReference
creates,MessageProvider,SimpleMessagingListener
creates,AttachmentCounter,EncryptionDetector
creates,AttachmentCounter,TextPartFinder
creates,MessageViewFragment,MessageCryptoPresenter
creates,MessageViewFragment,MessageLoaderHelper
creates,EditIdentity,Identity
creates,MimePartStreamParser,DeferredFileBody
creates,MimePartStreamParser,MimeBodyPart
creates,MimePartStreamParser,MessagingException
creates,MessagingController,MessageReference
creates,MessagingController,MessageRemovalListener
creates,MessagingController,DefaultBodyFactory
creates,MessagingController,UidReverseComparator
creates,MessagingController,MessagingException
creates,MessagingController,MemorizingMessagingListener
creates,MessagingController,AccountStats
creates,MessagingController,UnavailableAccountException
creates,MessagingController,ProgressBodyFactory
creates,MessagingController,FetchProfile
creates,PgpMessageBuilder,BinaryTempFileBody
creates,PgpMessageBuilder,MimeBodyPart
creates,PgpMessageBuilder,MessagingException
creates,PgpMessageBuilder,BinaryMemoryBody
creates,PgpMessageBuilder,EOLConvertingOutputStream
creates,PgpMessageBuilder,TextBody
creates,MimeBodyPart,MimeHeader
creates,AttachmentController,SimpleMessagingListener
creates,MessageLoaderHelper,LocalMessageLoader
creates,MessageLoaderHelper,MessageCryptoCallback
creates,MessageLoaderHelper,MessageCryptoHelper
creates,MessageLoaderHelper,LocalMessageExtractorLoader
creates,MessageLoaderHelper,OpenPgpApiFactory
creates,MessageLoaderHelper,SimpleMessagingListener
creates,MessageHelper,MimeBodyPart
creates,IdentitySettings,EmailAddressValidator
creates,HtmlSanitizer,HeadCleaner
creates,ListHeaders,Address
creates,ImapStore,ImapPusher
creates,ImapStore,ImapFolder
creates,ImapStore,MessagingException
creates,ImapStore,ImapConnection
creates,UnreadWidgetProperties,LocalSearch
creates,Prefs,ColorPickerDialog
creates,Prefs,ApgDeprecationWarningDialog
creates,TextBodyBuilder,TextBody
creates,AutocryptHeaderParser,AutocryptHeader
creates,ImapList,MessagingException
creates,AuthTypeAdapter,AuthTypeHolder
creates,MessagingControllerPushReceiver,SimpleMessagingListener
creates,ImapConnection,ImapResponseParser
creates,ImapConnection,PeekableInputStream
creates,ImapConnection,MessagingException
creates,ImapConnection,AuthenticationFailedException
creates,ImapConnection,UntaggedHandler
creates,ImapConnection,CertificateValidationException
creates,FileBackedBody,MessagingException
creates,CharsetSupport,Iso2022JpToShiftJisInputStream
creates,MessageCryptoHelper,MessageCryptoAnnotations
creates,MessageCryptoHelper,MimeBodyPart
creates,MessageCryptoHelper,TextBody
creates,MessageBuilder,IdentityHeaderBuilder
creates,MessageBuilder,TempFileBody
creates,MessageBuilder,MimeMultipart
creates,MessageBuilder,MimeBodyPart
creates,MessageBuilder,TextBodyBuilder
creates,MessageBuilder,Address
creates,MessageBuilder,MimeMessage
creates,SearchAccount,LocalSearch
creates,Storage,StorageEditor
creates,DeviceIdleManager,DozeChecker
creates,ConnectionSecurityAdapter,ConnectionSecurityHolder
creates,AccountSetupBasics,EmailAddressValidator
creates,AccountSetupBasics,ServerSettings
creates,K9AlarmManager,DozeChecker
creates,UriLinkifier,BitcoinUriParser
creates,UriLinkifier,HttpUriParser
creates,UriLinkifier,EthereumUriParser
creates,MessageListWidgetService,MessageListRemoteViewFactory
creates,ImapStoreUriDecoder,ImapStoreSettings
creates,MessageListFragment,MessageListHandler
creates,MessageListFragment,MessageListAdapter
creates,MessageListFragment,FolderInfoHolder
creates,AccountSetupAccountType,ServerNameSuggester
creates,MessageExtractor,MessageHeader
creates,MessageExtractor,MessagingException
creates,MessageFulltextCreator,EncryptionDetector
creates,MessageFulltextCreator,TextPartFinder
creates,UnreadWidgetConfiguration,UnreadWidgetProperties
creates,BinaryAttachmentBody,Base64OutputStream
creates,HtmlSignatureRemover,AdvancedNodeTraversor
creates,Multipart,MessagingException
creates,PreviewTextExtractor,PreviewExtractionException
creates,K9RemoteControl,AccountReceiver
creates,HtmlQuoteCreator,InsertableHtmlContent
creates,MessageViewInfoExtractor,MessagingException
creates,DefaultTrustedSocketFactory,KeyChainKeyManager
creates,LocalSearch,ConditionsTreeNode
creates,NotificationActionCreator,LocalSearch
creates,AccountSetupOutgoing,ServerSettings
creates,NewMailNotifications,NotificationContentCreator
creates,NewMailNotifications,NotificationData
creates,NewMailNotifications,WearNotifications
creates,AttachmentPresenter,AttachmentInfoLoader
creates,AttachmentPresenter,AttachmentContentLoader
creates,Preferences,Account
creates,RecipientSelectView,AlternateRecipientAdapter
creates,RecipientSelectView,RecipientAdapter
creates,RecipientSelectView,RecipientLoader
creates,ProgressBodyFactory,CountingOutputStream
creates,DataSet,ParsedMessageEnvelope
creates,MimeMessage,DefaultBodyFactory
creates,MimeMessage,MessagingException
creates,MimeMessage,MimeHeader
creates,WebDavHandler,DataSet
creates,MessageListAdapter,MessageViewHolder
creates,NotificationContentCreator,NotificationContent
creates,MessageHeaderParser,MessagingException
creates,SettingsExporter,SettingsImportExportException
creates,WebDavStore,WebDavFolder
creates,WebDavStore,MessagingException
creates,WebDavStore,HttpGeneric
creates,WebDavStore,ConnectionInfo
creates,WebDavStore,DataSet
creates,WebDavStore,WebDavHandler
creates,WebDavStore,WebDavSocketFactory
creates,WebDavStore,CertificateValidationException
creates,ContactPicture,ContactPictureLoader
creates,TransportProvider,SmtpTransport
creates,TransportProvider,WebDavTransport
creates,TransportProvider,MessagingException
creates,TransportProvider,DefaultTrustedSocketFactory
creates,NotificationData,NotificationHolder
creates,HtmlProcessor,HtmlSanitizer
creates,MigrationTo43,LocalFolder
creates,MigrationTo51,MimeHeader
creates,MigrationTo55,FetchProfile
creates,KeyChainKeyManager,MessagingException
creates,KeyChainKeyManager,CertificateValidationException
creates,TransportUris,ServerSettings
creates,TextBody,SignSafeOutputStream
creates,TextBody,CountingOutputStream
creates,MessageCompose,ReplyToParser
creates,MessageCompose,QuotedMessagePresenter
creates,MessageCompose,RecipientPresenter
creates,MessageCompose,ComposePgpInlineDecider
creates,MessageCompose,IdentityAdapter
creates,MessageCompose,MessageLoaderHelper
creates,MessageCompose,RecipientMvpView
creates,MessageCompose,LocalSearch
creates,MessageCompose,ComposePgpEnableByDefaultDecider
creates,MessageCompose,AttachmentPresenter
creates,MessageCompose,QuotedMessageMvpView
creates,MessageCompose,SimpleTextWatcher
creates,MessageCompose,Identity
references,AttachmentViewCallback,AttachmentViewInfo
references,DeferredFileOutputStream,FileFactory
references,IdentityHeaderBuilder,MessageReference
references,IdentityHeaderBuilder,QuotedTextMode
references,IdentityHeaderBuilder,InsertableHtmlContent
references,IdentityHeaderBuilder,IdentityField
references,IdentityHeaderBuilder,SimpleMessageFormat
references,IdentityHeaderBuilder,Identity
references,IdentityHeaderBuilder,TextBody
references,SmtpTransport,NegativeSmtpReplyException
references,SmtpTransport,TrustedSocketFactory
references,SmtpTransport,StoreConfig
references,SmtpTransport,Message
references,SmtpTransport,OAuth2TokenProvider
references,LockedAttachmentView,AttachmentViewCallback
references,LockedAttachmentView,AttachmentViewInfo
references,MessageReference,Flag
references,MessageContainerView,AttachmentViewCallback
references,MessageContainerView,AttachmentResolver
references,MessageContainerView,AttachmentViewInfo
references,MessageContainerView,MessageViewInfo
references,BaseNotifications,NotificationController
references,BaseNotifications,NotificationActionCreator
references,BaseNotifications,Account
references,BaseNotifications,NotificationHolder
references,NotificationController,MessageReference
references,NotificationController,LocalMessage
references,NotificationController,Folder
references,NotificationController,Account
references,AccountCreator,ConnectionSecurity
references,ImapResponseParser,ImapResponseCallback
references,ImapResponseParser,PeekableInputStream
references,ImapResponseParser,ImapList
references,ImapResponseParser,UntaggedHandler
references,ImapResponseParser,ImapResponse
references,MessageRemovalListener,Message
references,AccountSetupIncoming,ConnectionSecurity
references,AccountSetupIncoming,Account
references,AttachmentInfoExtractor,DeferredFileBody
references,AttachmentInfoExtractor,Part
references,Transport,Message
references,Pop3Store,TrustedSocketFactory
references,Pop3Store,StoreConfig
references,Pop3Store,ServerSettings
references,ReplyToParser,Message
references,ReplyToParser,Account
references,AutocryptOperations,AutocryptHeaderParser
references,AutocryptOperations,Message
references,EnhancedNegativeSmtpReplyException,StatusCodeSubject
references,EnhancedNegativeSmtpReplyException,StatusCodeDetail
references,EnhancedNegativeSmtpReplyException,StatusCodeClass
references,LocalMessageLoader,MessageReference
references,LocalMessageLoader,LocalMessage
references,LocalMessageLoader,MessagingController
references,LocalMessageLoader,Account
references,ImapPusher,ImapStore
references,ImapPusher,PushReceiver
references,MessageIdGenerator,Message
references,StoreSchemaDefinition,LocalStore
references,AccountReceiver,K9AccountReceptor
references,WebDavMessage,Flag
references,WebDavMessage,ParsedMessageEnvelope
references,WebDavMessage,Folder
references,MessagePreviewCreator,EncryptionDetector
references,MessagePreviewCreator,Part
references,MessagePreviewCreator,TextPartFinder
references,MessagePreviewCreator,PreviewTextExtractor
references,MessagePreviewCreator,Message
references,ImapFolder,ImapSearcher
references,ImapFolder,SearchResponse
references,ImapFolder,FolderNameCodec
references,ImapFolder,Folder
references,ImapFolder,ImapStore
references,ImapFolder,ImapList
references,ImapFolder,ImapConnection
references,ImapFolder,Part
references,ImapFolder,ImapMessage
references,ImapFolder,BodyFactory
references,ImapFolder,Message
references,ImapFolder,FetchProfile
references,ImapFolder,ImapResponse
references,QuotedMessagePresenter,QuotedTextMode
references,QuotedMessagePresenter,MessageViewInfo
references,QuotedMessagePresenter,Part
references,QuotedMessagePresenter,MessageBuilder
references,QuotedMessagePresenter,QuotedMessageMvpView
references,QuotedMessagePresenter,Account
references,QuotedMessagePresenter,MessageCompose
references,GlobalSettings,Storage
references,MessageHeader,Part
references,MessageHeader,Message
references,WebDavFolder,Folder
references,WebDavFolder,Message
references,WebDavFolder,FetchProfile
references,WebDavFolder,WebDavStore
references,RecipientPresenter,ReplyToParser
references,RecipientPresenter,MailTo
references,RecipientPresenter,ComposePgpInlineDecider
references,RecipientPresenter,ComposeCryptoStatus
references,RecipientPresenter,PgpMessageBuilder
references,RecipientPresenter,RecipientMvpView
references,RecipientPresenter,AutocryptStatusInteractor
references,RecipientPresenter,MessageBuilder
references,RecipientPresenter,Message
references,RecipientPresenter,ComposePgpEnableByDefaultDecider
references,RecipientPresenter,Account
references,RecipientPresenter,Identity
references,SearchResponse,ImapResponse
references,RemoveNotificationResult,NotificationHolder
references,WebDavTransport,StoreConfig
references,WebDavTransport,Message
references,Migrations,MigrationsHelper
references,LocalFolder,MessageRemovalListener
references,LocalFolder,LocalMessage
references,LocalFolder,LocalStore
references,LocalFolder,Folder
references,LocalFolder,Part
references,LocalFolder,Multipart
references,LocalFolder,StorageEditor
references,LocalFolder,Message
references,LocalFolder,FetchProfile
references,LocalFolder,Body
references,ComposePgpInlineDecider,Message
references,MessageViewHolder,MessageListFragment
references,Throttle,Clock
references,AccountSetupOptions,Account
references,FolderList,FolderInfoHolder
references,FolderList,Account
references,AttachmentResolver,AttachmentInfoExtractor
references,AttachmentResolver,Part
references,MessageListHandler,MessageReference
references,MessageListHandler,MessageListFragment
references,ResponseCodeExtractor,ImapResponse
references,DeferredFileBody,FileFactory
references,LocalMessage,LocalStore
references,LocalMessage,Flag
references,LocalMessage,Folder
references,LocalMessage,Address
references,SqlQueryBuilder,ConditionsTreeNode
references,SqlQueryBuilder,Account
references,RemoteStore,TrustedSocketFactory
references,RemoteStore,StoreConfig
references,RemoteStore,ServerSettings
references,IdentityAdapter,Identity
references,LocalStore,LocalFolder
references,LocalStore,Flag
references,LocalStore,Part
references,LocalStore,LocalSearch
references,LocalStore,Account
references,WebDavStoreSettings,ConnectionSecurity
references,WebDavStoreSettings,AuthType
references,MessageTitleView,MessageHeader
references,AttachmentViewInfo,Part
references,AttachmentCounter,EncryptionDetector
references,AttachmentCounter,Message
references,DeviceNotifications,NotificationController
references,DeviceNotifications,NotificationActionCreator
references,DeviceNotifications,LockScreenNotification
references,DeviceNotifications,NotificationContent
references,DeviceNotifications,NotificationData
references,DeviceNotifications,Account
references,DeviceNotifications,WearNotifications
references,DeviceNotifications,NotificationHolder
references,MessageViewFragment,MessageReference
references,MessageViewFragment,LocalMessage
references,MessageViewFragment,AttachmentViewInfo
references,MessageViewFragment,MessageViewInfo
references,OpenPgpApiHelper,Identity
references,UidReverseComparator,Message
references,MimePartStreamParser,FileFactory
references,LocalMimeMessage,LocalMessage
references,MessagingController,MessageReference
references,MessagingController,NotificationController
references,MessagingController,LocalFolder
references,MessagingController,LocalMessage
references,MessagingController,LocalStore
references,MessagingController,Flag
references,MessagingController,Folder
references,MessagingController,Contacts
references,MessagingController,Part
references,MessagingController,ActivityListener
references,MessagingController,SearchAccount
references,MessagingController,MessagingListener
references,MessagingController,Message
references,MessagingController,LocalSearch
references,MessagingController,Store
references,MessagingController,FetchProfile
references,MessagingController,TransportProvider
references,MessagingController,Account
references,ImapResponseCallback,FixedLengthInputStream
references,ImapResponseCallback,ImapResponse
references,Accounts,BaseAccount
references,Accounts,NonConfigurationInstance
references,Accounts,Account
references,MessageCryptoAnnotations,Part
references,MessageCryptoAnnotations,CryptoResultAnnotation
references,NotificationIds,Account
references,PgpMessageBuilder,AutocryptOperations
references,PgpMessageBuilder,BinaryTempFileBody
references,PgpMessageBuilder,MessageIdGenerator
references,PgpMessageBuilder,ComposeCryptoStatus
references,PgpMessageBuilder,MimeBodyPart
references,PgpMessageBuilder,BoundaryGenerator
references,PgpMessageBuilder,BodyPart
references,PgpMessageBuilder,Body
references,PgpMessageBuilder,AutocryptOpenPgpApiInteractor
references,MessageCryptoPresenter,MessageViewInfo
references,MessageCryptoPresenter,MessageTopView
references,MessageCryptoPresenter,CryptoResultAnnotation
references,MessageCryptoPresenter,MessageCryptoDisplayStatus
references,MessageCryptoPresenter,Account
references,MimeBodyPart,MimeHeader
references,MimeBodyPart,Body
references,EncryptionDetector,Part
references,EncryptionDetector,TextPartFinder
references,EncryptionDetector,Message
references,MessageActions,MessageReference
references,MessageActions,Account
references,AttachmentController,AttachmentViewInfo
references,AttachmentController,MessageViewFragment
references,AttachmentController,MessagingController
references,AttachmentController,LocalPart
references,MessageLoaderHelper,MessageReference
references,MessageLoaderHelper,MessageViewInfo
references,Utility,ContactBadge
references,Utility,Address
references,AttachmentInfoLoader,Attachment
references,MessageHelper,Part
references,IdentitySettings,Storage
references,Folder,Flag
references,Folder,Part
references,Folder,BodyFactory
references,Folder,Message
references,Folder,FetchProfile
references,MessageCryptoCallback,MessageCryptoAnnotations
references,NotificationGroupKeys,Account
references,ListHeaders,Message
references,ImapStore,TrustedSocketFactory
references,ImapStore,PushReceiver
references,ImapStore,ImapConnection
references,ImapStore,StoreConfig
references,ImapStore,ServerSettings
references,ImapStore,OAuth2TokenProvider
references,AttachmentContentLoader,Attachment
references,ContactPictureLoader,Address
references,AlertResponse,ImapResponse
references,JisSupport,Part
references,JisSupport,Message
references,LocalBodyPart,LocalMessage
references,TextBodyBuilder,InsertableHtmlContent
references,Contacts,Address
references,MessageViewInfo,AttachmentResolver
references,MessageViewInfo,Part
references,MessageViewInfo,Message
references,MessageViewInfo,CryptoResultAnnotation
references,AutocryptHeaderParser,Message
references,CertificateErrorNotifications,NotificationController
references,CertificateErrorNotifications,Account
references,SimpleMessageBuilder,MessageIdGenerator
references,SimpleMessageBuilder,BoundaryGenerator
references,AuthTypeAdapter,AuthType
references,PushReceiver,Folder
references,MessagingControllerPushReceiver,MessagingController
references,MessagingControllerPushReceiver,Folder
references,MessagingControllerPushReceiver,Account
references,ImapConnection,TrustedSocketFactory
references,ImapConnection,NegativeImapResponseException
references,ImapConnection,ImapResponseCallback
references,ImapConnection,UntaggedHandler
references,ImapConnection,OAuth2TokenProvider
references,ImapConnection,ImapResponse
references,ImapConnection,ImapSettings
references,RecipientMvpView,RecipientPresenter
references,RecipientMvpView,FontSizes
references,RecipientMvpView,MessageCompose
references,PermanentFlagsResponse,ImapResponse
references,FontSizes,Storage
references,FontSizes,StorageEditor
references,AccountSetupNames,Account
references,FetchBodyCallback,FixedLengthInputStream
references,FetchBodyCallback,ImapResponse
references,UntaggedHandler,ImapResponse
references,CharsetSupport,Part
references,CharsetSupport,Message
references,Part,Body
references,QuoteHelper,Message
references,SendFailedNotifications,NotificationController
references,SendFailedNotifications,NotificationActionCreator
references,SendFailedNotifications,Account
references,SyncNotifications,NotificationController
references,SyncNotifications,Folder
references,SyncNotifications,NotificationActionCreator
references,SyncNotifications,Account
references,UnreadWidgetProvider,UnreadWidgetProperties
references,MemorizingMessagingListener,MessagingListener
references,MemorizingMessagingListener,Account
references,MessageCryptoHelper,AutocryptOperations
references,MessageCryptoHelper,MimeBodyPart
references,MessageCryptoHelper,MessageCryptoCallback
references,MessageCryptoHelper,Part
references,MessageCryptoHelper,Message
references,MessageCryptoHelper,OpenPgpApiFactory
references,MessageCryptoHelper,CryptoResultAnnotation
references,ActivityListener,AccountStats
references,ActivityListener,Account
references,ImapStoreUriCreator,ServerSettings
references,MessageBuilder,MessageReference
references,MessageBuilder,MimeMultipart
references,MessageBuilder,MessageIdGenerator
references,MessageBuilder,QuotedTextMode
references,MessageBuilder,MessagingException
references,MessageBuilder,InsertableHtmlContent
references,MessageBuilder,BoundaryGenerator
references,MessageBuilder,MimeMessage
references,MessageBuilder,SimpleMessageFormat
references,MessageBuilder,Identity
references,MessageBuilder,TextBody
references,SearchAccount,LocalSearch
references,CryptoInfoDialog,MessageCryptoDisplayStatus
references,StatusCodeDetail,StatusCodeSubject
references,MessageTopView,AttachmentViewCallback
references,MessageTopView,MessageCryptoPresenter
references,MessageTopView,MessageViewInfo
references,MessageTopView,Message
references,MessageTopView,Account
references,ConnectionSecurityAdapter,ConnectionSecurity
references,ChooseAccount,BaseAccount
references,ListResponse,ImapResponse
references,ImapMessage,Flag
references,ImapMessage,Folder
references,MessagingListener,BaseAccount
references,MessagingListener,Part
references,MessagingListener,AccountStats
references,MessagingListener,Message
references,MessagingListener,Account
references,K9,StorageEditor
references,K9,Preferences
references,TextPartFinder,Part
references,TextPartFinder,Multipart
references,K9AlarmManager,DozeChecker
references,AttachmentView,AttachmentViewCallback
references,AttachmentView,AttachmentViewInfo
references,MessageCryptoStructureDetector,MessageCryptoAnnotations
references,MessageCryptoStructureDetector,Part
references,IdentityHelper,Message
references,IdentityHelper,Account
references,StoreConfig,NetworkType
references,MessageCryptoStatusView,MessageCryptoDisplayStatus
references,MessageListFragment,MessageReference
references,MessageListFragment,Flag
references,MessageListFragment,LocalSearch
references,MessageListFragment,Account
references,LocalMessageExtractorLoader,LocalMessage
references,LocalMessageExtractorLoader,MessageCryptoAnnotations
references,LocalMessageExtractorLoader,MessageViewInfo
references,LocalMessageExtractorLoader,Message
references,TextQuoteCreator,Message
references,AccountSetupAccountType,Account
references,MessageExtractor,Part
references,MessageExtractor,Multipart
references,MessageExtractor,Message
references,MessageExtractor,Body
references,AdvancedNodeTraversor,NodeFilter
references,MessageFulltextCreator,EncryptionDetector
references,MessageFulltextCreator,Part
references,MessageFulltextCreator,TextPartFinder
references,MessageFulltextCreator,Message
references,UnreadWidgetConfiguration,UnreadWidgetProperties
references,LauncherShortcuts,BaseAccount
references,AccountSetupCheckSettings,Account
references,AccountSetupCheckSettings,CertificateValidationException
references,AuthTypeHolder,AuthType
references,Multipart,Part
references,Multipart,BodyPart
references,StorageEditor,Storage
references,PreviewTextExtractor,Part
references,EmailProvider,Account
references,K9RemoteControl,K9AccountReceptor
references,NotificationActionService,MessageReference
references,NotificationActionService,MessagingController
references,NotificationActionService,Account
references,ServerSettings,ConnectionSecurity
references,ServerSettings,AuthType
references,NotificationDeleteConfirmation,MessageReference
references,HtmlQuoteCreator,Message
references,MessageViewInfoExtractor,AttachmentInfoExtractor
references,MessageViewInfoExtractor,Viewable
references,MessageViewInfoExtractor,MessageCryptoAnnotations
references,MessageViewInfoExtractor,Part
references,MessageViewInfoExtractor,Message
references,MessageViewInfoExtractor,CryptoResultAnnotation
references,MessageViewInfoExtractor,HtmlProcessor
references,Message,Flag
references,Message,Address
references,Message,Body
references,LocalSearch,ConditionsTreeNode
references,NotificationActionCreator,MessageReference
references,NotificationActionCreator,Account
references,ComposePgpEnableByDefaultDecider,Message
references,Store,PushReceiver
references,SelectOrExamineResponse,ImapResponse
references,AccountSetupOutgoing,ConnectionSecurity
references,AccountSetupOutgoing,Account
references,SaveMessageTask,Contacts
references,SaveMessageTask,Message
references,SaveMessageTask,Account
references,FolderSettings,Storage
references,NewMailNotifications,MessageReference
references,NewMailNotifications,NotificationController
references,NewMailNotifications,LocalMessage
references,NewMailNotifications,DeviceNotifications
references,NewMailNotifications,NotificationActionCreator
references,NewMailNotifications,NotificationContentCreator
references,NewMailNotifications,NotificationData
references,NewMailNotifications,Account
references,NewMailNotifications,WearNotifications
references,NewMailNotifications,NotificationHolder
references,MlfUtils,Preferences
references,MlfUtils,Account
references,MimeMessageHelper,Part
references,MimeMessageHelper,Body
references,AttachmentPresenter,RecipientPresenter
references,AttachmentPresenter,AttachmentViewInfo
references,AttachmentPresenter,Attachment
references,AttachmentPresenter,MessageViewInfo
references,Preferences,Storage
references,Preferences,Account
references,FetchPartCallback,FixedLengthInputStream
references,FetchPartCallback,Part
references,FetchPartCallback,BodyFactory
references,FetchPartCallback,ImapResponse
references,MimeMessage,Address
references,MimeMessage,Body
references,MessageListAdapter,MessageViewHolder
references,MessageListAdapter,MessageListFragment
references,MessageListAdapter,Address
references,MessageListAdapter,Account
references,NotificationContentCreator,LocalMessage
references,NotificationContentCreator,Message
references,NotificationContentCreator,Account
references,LockScreenNotification,NotificationController
references,LockScreenNotification,NotificationData
references,MessageHeaderParser,Part
references,BodyPart,Multipart
references,ImapResponse,ImapResponseCallback
references,AddNotificationResult,NotificationHolder
references,NotificationContent,MessageReference
references,NamespaceResponse,ImapResponse
references,DecoderUtil,Message
references,FolderInfoHolder,LocalFolder
references,FolderInfoHolder,Account
references,AccountSettings,Storage
references,SettingsExporter,Account
references,WebDavStore,StoreConfig
references,WebDavStore,ConnectionInfo
references,WebDavStore,ServerSettings
references,AuthenticationErrorNotifications,NotificationController
references,AuthenticationErrorNotifications,Account
references,MimeUtility,Part
references,MimeUtility,Message
references,MimeUtility,Body
references,CryptoResultAnnotation,MimeBodyPart
references,BodyTextExtractor,Part
references,BodyTextExtractor,SimpleMessageFormat
references,QuotedMessageMvpView,QuotedMessagePresenter
references,QuotedMessageMvpView,AttachmentResolver
references,QuotedMessageMvpView,QuotedTextMode
references,QuotedMessageMvpView,FontSizes
references,QuotedMessageMvpView,SimpleMessageFormat
references,QuotedMessageMvpView,MessageCompose
references,K9WebViewClient,AttachmentResolver
references,MessageWebView,AttachmentResolver
references,MessageList,MessageReference
references,MessageList,MessageHeader
references,MessageList,MessageListFragment
references,MessageList,SearchSpecification
references,MessageList,Account
references,CapabilityResponse,ImapList
references,TransportProvider,StoreConfig
references,NotificationData,MessageReference
references,NotificationData,NotificationContent
references,NotificationData,Account
references,NotificationData,NotificationHolder
references,SettingsImporter,Storage
references,SettingsImporter,StorageEditor
references,SettingsImporter,Preferences
references,SettingsImporter,Account
references,MessageCryptoDisplayStatus,CryptoResultAnnotation
references,HtmlProcessor,HtmlSanitizer
references,Account,NetworkType
references,Account,Storage
references,Account,StorageEditor
references,Account,LocalSearch
references,Account,Preferences
references,Account,Address
references,MigrationTo41,MigrationsHelper
references,MigrationTo42,MigrationsHelper
references,MigrationTo46,MigrationsHelper
references,MigrationTo43,MigrationsHelper
references,SimpleMessagingListener,BaseAccount
references,SimpleMessagingListener,Part
references,SimpleMessagingListener,AccountStats
references,SimpleMessagingListener,Message
references,SimpleMessagingListener,Account
references,MigrationTo50,MigrationsHelper
references,MigrationTo51,MigrationsHelper
references,MigrationTo51,MimeHeader
references,MigrationTo51,Account
references,WearNotifications,NotificationController
references,WearNotifications,NotificationActionCreator
references,WearNotifications,NotificationData
references,WearNotifications,Account
references,WearNotifications,NotificationHolder
references,MigrationTo55,MigrationsHelper
references,NotificationHolder,NotificationContent
references,ImapFolderPusher,ImapStore
references,ImapFolderPusher,PushReceiver
references,ImapFolderPusher,ImapResponse
references,TransportUris,ServerSettings
references,AccountList,BaseAccount
references,ConnectionSecurityHolder,ConnectionSecurity
references,AccountSetupComposition,Account
references,ImapStoreSettings,ConnectionSecurity
references,ImapStoreSettings,AuthType
references,ImapSettings,NetworkType
references,MessageCompose,AttachmentDownloadDialogFragment
references,MessageCompose,MailTo
references,MessageCompose,MessagingException
references,MessageCompose,ProgressDialogFragment
references,MessageCompose,MessageViewInfo
references,MessageCompose,MimeMessage
references,MessageCompose,SimpleMessageFormat
references,MessageCompose,Account
references,MessageCompose,Identity
references,WebDavStoreUriCreator,ServerSettings
calls,DeferredFileOutputStream,FileFactory
calls,IdentityHeaderBuilder,MessageReference
calls,IdentityHeaderBuilder,InsertableHtmlContent
calls,IdentityHeaderBuilder,IdentityField
calls,IdentityHeaderBuilder,Identity
calls,IdentityHeaderBuilder,TextBody
calls,SmtpTransport,TrustedSocketFactory
calls,SmtpTransport,PeekableInputStream
calls,SmtpTransport,MessagingException
calls,SmtpTransport,EOLConvertingOutputStream
calls,SmtpTransport,StoreConfig
calls,SmtpTransport,Message
calls,SmtpTransport,Address
calls,LockedAttachmentView,AttachmentView
calls,MessageContainerView,AttachmentViewCallback
calls,MessageContainerView,AttachmentResolver
calls,MessageContainerView,ClipboardManager
calls,MessageContainerView,Contacts
calls,MessageContainerView,AttachmentView
calls,MessageContainerView,MessageWebView
calls,BaseNotifications,NotificationController
calls,BaseNotifications,NotificationActionCreator
calls,BaseNotifications,Account
calls,NotificationController,CertificateErrorNotifications
calls,NotificationController,SendFailedNotifications
calls,NotificationController,SyncNotifications
calls,NotificationController,NewMailNotifications
calls,NotificationController,AuthenticationErrorNotifications
calls,NotificationController,Account
calls,ImapResponseParser,PeekableInputStream
calls,ImapResponseParser,FixedLengthInputStream
calls,ImapResponseParser,UntaggedHandler
calls,ImapResponseParser,ImapResponse
calls,AccountSetupIncoming,AuthTypeAdapter
calls,AccountSetupIncoming,ConnectionSecurityAdapter
calls,AccountSetupIncoming,ClientCertificateSpinner
calls,AccountSetupIncoming,Store
calls,AccountSetupIncoming,Account
calls,AttachmentInfoExtractor,DeferredFileBody
calls,AttachmentInfoExtractor,LocalMessage
calls,AttachmentInfoExtractor,LocalPart
calls,AttachmentInfoExtractor,Part
calls,Pop3Store,Folder
calls,Pop3Store,StoreConfig
calls,ReplyToParser,Message
calls,ReplyToParser,Account
calls,AutocryptOperations,AutocryptHeaderParser
calls,AutocryptOperations,AutocryptHeader
calls,AutocryptOperations,Message
calls,DefaultBodyFactory,BinaryTempFileBody
calls,Base64OutputStream,Base64
calls,LocalMessageLoader,MessageReference
calls,LocalMessageLoader,MessagingController
calls,ImapPusher,ImapStore
calls,ImapPusher,ImapFolderPusher
calls,MessageIdGenerator,Message
calls,RigidWebView,Throttle
calls,RigidWebView,Clock
calls,MailService,Pusher
calls,MailService,Storage
calls,MailService,StorageEditor
calls,MailService,Preferences
calls,MailService,Account
calls,AccountReceiver,K9AccountReceptor
calls,AttachmentDownloadDialogFragment,MessagingController
calls,WebDavMessage,WebDavFolder
calls,WebDavMessage,ParsedMessageEnvelope
calls,MessagePreviewCreator,EncryptionDetector
calls,MessagePreviewCreator,Part
calls,MessagePreviewCreator,TextPartFinder
calls,MessagePreviewCreator,PreviewTextExtractor
calls,ImapFolder,ImapSearcher
calls,ImapFolder,MimeMultipart
calls,ImapFolder,SearchResponse
calls,ImapFolder,FolderNameCodec
calls,ImapFolder,ImapStore
calls,ImapFolder,ImapList
calls,ImapFolder,ImapConnection
calls,ImapFolder,PermanentFlagsResponse
calls,ImapFolder,Part
calls,ImapFolder,ImapMessage
calls,ImapFolder,EOLConvertingOutputStream
calls,ImapFolder,BodyFactory
calls,ImapFolder,Message
calls,ImapFolder,SelectOrExamineResponse
calls,ImapFolder,ImapResponse
calls,ImapFolder,ImapPushState
calls,QuotedMessagePresenter,InsertableHtmlContent
calls,QuotedMessagePresenter,MessageBuilder
calls,QuotedMessagePresenter,QuotedMessageMvpView
calls,QuotedMessagePresenter,Account
calls,QuotedMessagePresenter,MessageCompose
calls,BootReceiver,K9AlarmManager
calls,GlobalSettings,Storage
calls,WebDavFolder,WebDavMessage
calls,WebDavFolder,WebDavHttpClient
calls,WebDavFolder,ParsedMessageEnvelope
calls,WebDavFolder,Folder
calls,WebDavFolder,EOLConvertingOutputStream
calls,WebDavFolder,Message
calls,WebDavFolder,DataSet
calls,WebDavFolder,WebDavStore
calls,RecipientPresenter,ReplyToParser
calls,RecipientPresenter,MailTo
calls,RecipientPresenter,ComposePgpInlineDecider
calls,RecipientPresenter,ComposeCryptoStatus
calls,RecipientPresenter,PgpMessageBuilder
calls,RecipientPresenter,Contacts
calls,RecipientPresenter,RecipientMvpView
calls,RecipientPresenter,AutocryptStatusInteractor
calls,RecipientPresenter,MessageBuilder
calls,RecipientPresenter,Message
calls,RecipientPresenter,ComposePgpEnableByDefaultDecider
calls,RecipientPresenter,Account
calls,SearchResponse,ImapResponse
calls,WebDavTransport,WebDavStore
calls,LocalFolder,LocalStore
calls,MessageViewHolder,MessageListFragment
calls,Throttle,Clock
calls,AccountSetupOptions,Store
calls,AccountSetupOptions,Account
calls,AttachmentResolver,AttachmentInfoExtractor
calls,AttachmentResolver,Part
calls,AttachmentResolver,Multipart
calls,MessageListHandler,MessageListFragment
calls,ResponseCodeExtractor,ImapList
calls,NegativeImapResponseException,ImapResponse
calls,DeferredFileBody,FileFactory
calls,LocalMessage,LocalFolder
calls,LocalMessage,LocalStore
calls,LocalMessage,DatabasePreviewType
calls,SqlQueryBuilder,LocalFolder
calls,SqlQueryBuilder,LocalStore
calls,SqlQueryBuilder,LocalSearch
calls,SqlQueryBuilder,Account
calls,RemoteStore,StoreConfig
calls,IdentityAdapter,Preferences
calls,IdentityAdapter,Account
calls,IdentityAdapter,Identity
calls,LocalStore,LocalFolder
calls,LocalStore,PendingCommandSerializer
calls,LocalStore,LocalMessage
calls,LocalStore,LocalPart
calls,LocalStore,Part
calls,LocalStore,StorageManager
calls,LocalStore,Multipart
calls,LocalStore,LocalSearch
calls,LocalStore,LockableDatabase
calls,LocalStore,Body
calls,LocalStore,Account
calls,MessageProvider,MessagingController
calls,MessageProvider,Account
calls,AttachmentCounter,EncryptionDetector
calls,DeviceNotifications,NotificationController
calls,DeviceNotifications,NotificationSetting
calls,DeviceNotifications,NotificationActionCreator
calls,DeviceNotifications,LockScreenNotification
calls,DeviceNotifications,NotificationData
calls,DeviceNotifications,Account
calls,DeviceNotifications,WearNotifications
calls,MessageViewFragment,MessageReference
calls,MessageViewFragment,LocalMessage
calls,MessageViewFragment,MessagingController
calls,MessageViewFragment,MessageCryptoPresenter
calls,MessageViewFragment,MessageLoaderHelper
calls,MessageViewFragment,MessageTopView
calls,MessageViewFragment,Account
calls,OpenPgpApiHelper,Identity
calls,IdentityHeaderParser,IdentityField
calls,UidReverseComparator,Message
calls,EditIdentity,Account
calls,EditIdentity,Identity
calls,MimePartStreamParser,DeferredFileBody
calls,MessagingController,MessageReference
calls,MessagingController,NotificationController
calls,MessagingController,Transport
calls,MessagingController,TracingPowerManager
calls,MessagingController,LocalFolder
calls,MessagingController,LocalMessage
calls,MessagingController,LocalStore
calls,MessagingController,Folder
calls,MessagingController,MessagingException
calls,MessagingController,Contacts
calls,MessagingController,MemorizingMessagingListener
calls,MessagingController,SearchAccount
calls,MessagingController,MessagingListener
calls,MessagingController,Message
calls,MessagingController,LocalSearch
calls,MessagingController,Store
calls,MessagingController,Preferences
calls,MessagingController,EmailProviderCache
calls,MessagingController,TransportProvider
calls,MessagingController,Account
calls,RemoteControlService,Storage
calls,RemoteControlService,StorageEditor
calls,RemoteControlService,Preferences
calls,RemoteControlService,Account
calls,NotificationIds,Account
calls,PgpMessageBuilder,AutocryptOperations
calls,PgpMessageBuilder,BinaryTempFileBody
calls,PgpMessageBuilder,MimeMultipart
calls,PgpMessageBuilder,ComposeCryptoStatus
calls,PgpMessageBuilder,MimeBodyPart
calls,PgpMessageBuilder,Address
calls,PgpMessageBuilder,MimeMessage
calls,PgpMessageBuilder,Body
calls,PgpMessageBuilder,AutocryptOpenPgpApiInteractor
calls,MessageCryptoPresenter,MessageTopView
calls,MessageCryptoPresenter,CryptoResultAnnotation
calls,MessageCryptoPresenter,MessageCryptoDisplayStatus
calls,MimeBodyPart,Multipart
calls,MimeBodyPart,MimeHeader
calls,MimeBodyPart,Body
calls,EncryptionDetector,Part
calls,EncryptionDetector,TextPartFinder
calls,EncryptionDetector,Multipart
calls,MessageActions,MessageReference
calls,MessageActions,Account
calls,AttachmentController,AttachmentViewInfo
calls,AttachmentController,MessageViewFragment
calls,AttachmentController,MessagingController
calls,AttachmentController,LocalPart
calls,MessageLoaderHelper,MessageReference
calls,MessageLoaderHelper,LocalMessageLoader
calls,MessageLoaderHelper,MessageCryptoHelper
calls,MessageLoaderHelper,LocalMessageExtractorLoader
calls,MessageLoaderHelper,Account
calls,Utility,ContactBadge
calls,Utility,Address
calls,AttachmentInfoLoader,Attachment
calls,MessageHelper,Part
calls,MessageHelper,Multipart
calls,IdentitySettings,Storage
calls,HtmlSanitizer,HeadCleaner
calls,NotificationGroupKeys,Account
calls,PollService,MessagingController
calls,ListHeaders,Message
calls,ImapStore,ImapFolder
calls,ImapStore,FolderNameCodec
calls,ImapStore,ImapConnection
calls,ImapStore,ListResponse
calls,ImapStore,StoreConfig
calls,UnreadWidgetProperties,MessagingController
calls,UnreadWidgetProperties,SearchAccount
calls,UnreadWidgetProperties,LocalSearch
calls,UnreadWidgetProperties,Account
calls,AttachmentContentLoader,Attachment
calls,ContactPictureLoader,Contacts
calls,ContactPictureLoader,Address
calls,Prefs,CheckBoxListPreference
calls,Prefs,Storage
calls,Prefs,StorageEditor
calls,JisSupport,Message
calls,TextBodyBuilder,InsertableHtmlContent
calls,TextBodyBuilder,TextBody
calls,Contacts,Address
calls,AutocryptHeaderParser,Message
calls,CertificateErrorNotifications,NotificationController
calls,CertificateErrorNotifications,Account
calls,MessagingControllerPushReceiver,LocalFolder
calls,MessagingControllerPushReceiver,LocalStore
calls,MessagingControllerPushReceiver,MessagingController
calls,MessagingControllerPushReceiver,Folder
calls,MessagingControllerPushReceiver,MessagingListener
calls,MessagingControllerPushReceiver,Account
calls,ImapConnection,ImapResponseParser
calls,ImapConnection,TrustedSocketFactory
calls,ImapConnection,NegativeImapResponseException
calls,ImapConnection,OAuth2TokenProvider
calls,ImapConnection,ImapResponse
calls,ImapConnection,NamespaceResponse
calls,ImapConnection,CapabilityResponse
calls,ImapConnection,ImapSettings
calls,RecipientMvpView,RecipientPresenter
calls,RecipientMvpView,FontSizes
calls,RecipientMvpView,RecipientSelectView
calls,RecipientMvpView,MessageCompose
calls,RecipientMvpView,ToolableViewAnimator
calls,PermanentFlagsResponse,ImapList
calls,PermanentFlagsResponse,ImapResponse
calls,FontSizes,Storage
calls,FontSizes,StorageEditor
calls,K9Activity,K9ActivityCommon
calls,AccountSetupNames,Account
calls,FetchBodyCallback,ImapList
calls,FetchBodyCallback,ImapResponse
calls,CharsetSupport,Part
calls,QuoteHelper,Message
calls,MessageReferenceHelper,MessageReference
calls,SendFailedNotifications,NotificationController
calls,SendFailedNotifications,NotificationActionCreator
calls,SyncNotifications,NotificationController
calls,SyncNotifications,Folder
calls,SyncNotifications,NotificationActionCreator
calls,SyncNotifications,Account
calls,UnreadWidgetProvider,UnreadWidgetProperties
calls,MemorizingMessagingListener,MessagingListener
calls,MemorizingMessagingListener,Account
calls,MessageCryptoHelper,AutocryptOperations
calls,MessageCryptoHelper,MessageCryptoAnnotations
calls,MessageCryptoHelper,MessageCryptoCallback
calls,MessageCryptoHelper,Part
calls,MessageCryptoHelper,Multipart
calls,MessageCryptoHelper,Message
calls,MessageCryptoHelper,OpenPgpApiFactory
calls,MessageCryptoHelper,Body
calls,MessageCryptoHelper,CryptoResultAnnotation
calls,ActivityListener,Account
calls,ImapStoreUriCreator,ServerSettings
calls,MessageBuilder,MimeMultipart
calls,MessageBuilder,MessageIdGenerator
calls,MessageBuilder,MimeBodyPart
calls,MessageBuilder,TextBodyBuilder
calls,MessageBuilder,BoundaryGenerator
calls,MessageBuilder,Address
calls,MessageBuilder,MimeMessage
calls,MessageBuilder,Identity
calls,SearchAccount,LocalSearch
calls,CryptoInfoDialog,MessageCryptoDisplayStatus
calls,DeviceIdleManager,DozeChecker
calls,MessageTopView,MessageContainerView
calls,MessageTopView,MessageCryptoPresenter
calls,MessageTopView,Contacts
calls,MessageTopView,Message
calls,MessageTopView,Account
calls,MessageTopView,ToolableViewAnimator
calls,ChooseAccount,BaseAccount
calls,AccountSetupBasics,EmailAddressValidator
calls,AccountSetupBasics,ClientCertificateSpinner
calls,AccountSetupBasics,Account
calls,ChooseFolder,MessageReference
calls,ChooseFolder,Account
calls,TextPartFinder,Part
calls,TextPartFinder,Multipart
calls,K9AlarmManager,DozeChecker
calls,AttachmentView,AttachmentViewCallback
calls,MessageCryptoStructureDetector,MessageCryptoAnnotations
calls,MessageCryptoStructureDetector,Part
calls,MessageCryptoStructureDetector,Multipart
calls,MessageCryptoStructureDetector,CryptoResultAnnotation
calls,DatabaseUpgradeService,TracingPowerManager
calls,DatabaseUpgradeService,Preferences
calls,DatabaseUpgradeService,Account
calls,IdentityHelper,Message
calls,IdentityHelper,Account
calls,UriLinkifier,UriParser
calls,MessageListFragment,MessageReference
calls,MessageListFragment,MessagingController
calls,MessageListFragment,ActivityListener
calls,MessageListFragment,StorageEditor
calls,MessageListFragment,LocalSearch
calls,MessageListFragment,Preferences
calls,MessageListFragment,Account
calls,LocalMessageExtractorLoader,MessageViewInfoExtractor
calls,LocalMessageExtractorLoader,Message
calls,TextQuoteCreator,Message
calls,AccountSetupAccountType,ServerNameSuggester
calls,AccountSetupAccountType,Account
calls,MessageExtractor,Part
calls,MessageExtractor,Multipart
calls,CoreService,TracingPowerManager
calls,MessageFulltextCreator,EncryptionDetector
calls,MessageFulltextCreator,Part
calls,MessageFulltextCreator,TextPartFinder
calls,UnreadWidgetConfiguration,UnreadWidgetProperties
calls,UnreadWidgetConfiguration,Account
calls,LauncherShortcuts,BaseAccount
calls,LauncherShortcuts,SearchAccount
calls,HtmlSignatureRemover,AdvancedNodeTraversor
calls,Multipart,BodyPart
calls,StorageEditor,Storage
calls,PreviewTextExtractor,Part
calls,NotificationActionService,MessageReference
calls,NotificationActionService,MessagingController
calls,NotificationActionService,Preferences
calls,NotificationActionService,Account
calls,NotificationDeleteConfirmation,MessagingController
calls,NotificationDeleteConfirmation,Preferences
calls,NotificationDeleteConfirmation,Account
calls,HtmlQuoteCreator,InsertableHtmlContent
calls,HtmlQuoteCreator,Message
calls,MessageViewInfoExtractor,AttachmentInfoExtractor
calls,MessageViewInfoExtractor,MessageHeader
calls,MessageViewInfoExtractor,MessageCryptoAnnotations
calls,MessageViewInfoExtractor,MessageViewInfo
calls,MessageViewInfoExtractor,Part
calls,MessageViewInfoExtractor,Message
calls,MessageViewInfoExtractor,CryptoResultAnnotation
calls,MessageViewInfoExtractor,HtmlProcessor
calls,LocalSearch,ConditionsTreeNode
calls,NotificationActionCreator,MessageReference
calls,NotificationActionCreator,LocalSearch
calls,NotificationActionCreator,Account
calls,RemoteControlReceiver,Preferences
calls,RemoteControlReceiver,Account
calls,MessageInfoHolder,LocalMessage
calls,SelectOrExamineResponse,ImapList
calls,SelectOrExamineResponse,ImapResponse
calls,AccountSetupOutgoing,AuthTypeAdapter
calls,AccountSetupOutgoing,ClientCertificateSpinner
calls,AccountSetupOutgoing,Account
calls,SaveMessageTask,MessagingController
calls,FolderSettings,Storage
calls,NewMailNotifications,NotificationController
calls,NewMailNotifications,RemoveNotificationResult
calls,NewMailNotifications,DeviceNotifications
calls,NewMailNotifications,NotificationContentCreator
calls,NewMailNotifications,AddNotificationResult
calls,NewMailNotifications,NotificationData
calls,NewMailNotifications,Account
calls,NewMailNotifications,WearNotifications
calls,MlfUtils,MessageReference
calls,MlfUtils,LocalFolder
calls,MlfUtils,LocalStore
calls,MlfUtils,Preferences
calls,MlfUtils,Account
calls,MimeMessageHelper,Part
calls,MimeMessageHelper,Multipart
calls,MimeMessageHelper,Body
calls,CoreReceiver,TracingPowerManager
calls,AttachmentPresenter,RecipientPresenter
calls,AttachmentPresenter,AttachmentViewInfo
calls,AttachmentPresenter,ComposeCryptoStatus
calls,AttachmentPresenter,Attachment
calls,Preferences,Storage
calls,Preferences,StorageEditor
calls,Preferences,Account
calls,K9ListActivity,K9ActivityCommon
calls,FetchPartCallback,Part
calls,FetchPartCallback,BodyFactory
calls,FetchPartCallback,ImapResponse
calls,RecipientSelectView,AlternateRecipientAdapter
calls,RecipientSelectView,RecipientAdapter
calls,ProgressBodyFactory,CountingOutputStream
calls,DataSet,ParsedMessageEnvelope
calls,MimeMessage,MimeHeader
calls,MimeMessage,Address
calls,MimeMessage,Body
calls,FontSizeSettings,SliderPreference
calls,FontSizeSettings,FontSizes
calls,FontSizeSettings,Storage
calls,FontSizeSettings,StorageEditor
calls,WebDavHandler,DataSet
calls,MessageListAdapter,FontSizes
calls,MessageListAdapter,MessageListFragment
calls,MessageListAdapter,ContactBadge
calls,MessageListAdapter,Account
calls,NotificationContentCreator,LocalMessage
calls,NotificationContentCreator,Message
calls,NotificationContentCreator,Account
calls,EmailProviderCache,LocalMessage
calls,LockScreenNotification,NotificationController
calls,LockScreenNotification,NotificationData
calls,LockScreenNotification,Account
calls,NamespaceResponse,ImapList
calls,FolderInfoHolder,LocalFolder
calls,FolderInfoHolder,Folder
calls,FolderInfoHolder,Account
calls,AccountSettings,Storage
calls,SettingsExporter,Storage
calls,SettingsExporter,ServerSettings
calls,SettingsExporter,Preferences
calls,SettingsExporter,Account
calls,WebDavStore,WebDavFolder
calls,WebDavStore,WebDavHttpClient
calls,WebDavStore,HttpGeneric
calls,WebDavStore,StoreConfig
calls,WebDavStore,DataSet
calls,WebDavStore,WebDavHandler
calls,AuthenticationErrorNotifications,NotificationController
calls,AuthenticationErrorNotifications,Account
calls,MimeUtility,Part
calls,MimeUtility,Multipart
calls,MimeUtility,Body
calls,MimeUtility,RawDataBody
calls,QuotedMessageMvpView,QuotedMessagePresenter
calls,QuotedMessageMvpView,EolConvertingEditText
calls,QuotedMessageMvpView,FontSizes
calls,QuotedMessageMvpView,MessageWebView
calls,K9WebViewClient,AttachmentResolver
calls,MessageWebView,K9WebViewClient
calls,MessageList,MessageReference
calls,CapabilityResponse,ImapList
calls,CapabilityResponse,ImapResponse
calls,TransportProvider,StoreConfig
calls,NotificationData,MessageReference
calls,MessageCryptoDisplayStatus,CryptoResultAnnotation
calls,RecipientLoader,Address
calls,HtmlProcessor,HtmlSanitizer
calls,MigrationTo41,MigrationsHelper
calls,MigrationTo41,Storage
calls,MigrationTo41,Account
calls,MigrationTo42,LocalFolder
calls,MigrationTo42,LocalStore
calls,MigrationTo42,MigrationsHelper
calls,MigrationTo42,Storage
calls,MigrationTo42,StorageEditor
calls,MigrationTo46,MigrationsHelper
calls,MigrationTo43,LocalFolder
calls,MigrationTo43,MigrationsHelper
calls,MigrationTo43,Account
calls,ChooseIdentity,Account
calls,ChooseIdentity,Identity
calls,MigrationTo50,MigrationsHelper
calls,MigrationTo50,Account
calls,MigrationTo51,MigrationsHelper
calls,MigrationTo51,MimeHeader
calls,MigrationTo51,Account
calls,WearNotifications,MessagingController
calls,WearNotifications,NotificationActionCreator
calls,WearNotifications,NotificationData
calls,WearNotifications,Account
calls,MigrationTo55,LocalFolder
calls,MigrationTo55,LocalMessage
calls,MigrationTo55,LocalStore
calls,MigrationTo55,MigrationsHelper
calls,MigrationTo55,MessageFulltextCreator
calls,ImapFolderPusher,TracingPowerManager
calls,ImapFolderPusher,ImapStore
calls,ImapFolderPusher,PushReceiver
calls,ImapFolderPusher,ImapConnection
calls,ImapFolderPusher,ImapResponse
calls,MigrationTo60,PendingCommandSerializer
calls,TextBody,SignSafeOutputStream
calls,TextBody,CountingOutputStream
calls,EmailProviderCacheCursor,EmailProviderCache
calls,AccountSetupComposition,Account
calls,MessageCompose,MessageReference
calls,MessageCompose,QuotedMessagePresenter
calls,MessageCompose,RecipientPresenter
calls,MessageCompose,IdentityAdapter
calls,MessageCompose,ComposeCryptoStatus
calls,MessageCompose,MessageLoaderHelper
calls,MessageCompose,Contacts
calls,MessageCompose,EolConvertingEditText
calls,MessageCompose,RecipientMvpView
calls,MessageCompose,MessageBuilder
calls,MessageCompose,Message
calls,MessageCompose,LocalSearch
calls,MessageCompose,AttachmentPresenter
calls,MessageCompose,Preferences
calls,MessageCompose,QuotedMessageMvpView
calls,MessageCompose,Account
calls,MessageCompose,Identity
calls,WebDavStoreUriCreator,ServerSettings